battery_kwh,fc_kw,h2_kg,fuel_kg,endurance_hours,limiting_resource
26.236203565420873,13.702658576772393,2.046822734943624,174.17841918924572,2.8666666666666667,hydrogen
43.52142919229749,20.838018947567164,1.9879151962879993,191.53539560679212,2.566666666666667,hydrogen
36.95981825434215,27.458916717528165,4.625018322084147,115.06550583094986,5.166666666666667,battery
32.959754525911094,24.644497728191226,1.9981847993980244,167.48237394497983,2.5833333333333335,hydrogen
19.680559213273096,26.131222957228996,2.087798904514524,160.0444376401248,2.066666666666667,battery
19.67983561008608,23.175667334214346,4.037593049671855,196.59625275035796,2.066666666666667,battery
16.742508365045985,23.84553129035705,2.79895936980216,206.8521884673765,1.5333333333333334,battery
40.98528437324806,26.983913031306386,4.106842227820724,81.70194800683416,5.15,hydrogen
33.03345035229626,14.99336017718372,1.261464630257541,174.36278866823096,1.6833333333333333,hydrogen
36.242177333881365,19.788499272862808,2.9502847746935372,87.25701187676206,3.75,hydrogen
15.617534828874074,14.424188836392045,1.1344544007331305,156.84021311082984,1.3333333333333333,battery
44.097295564859834,29.75336015993294,1.250612813821418,120.26858206611494,1.6666666666666667,hydrogen
39.97327922401266,28.881186793732265,4.625749813377643,122.94872393309977,5.883333333333334,hydrogen
21.370173320348286,10.788536227370118,1.5569814844703807,129.41419048332992,2.3666666666666667,battery
20.454749016213018,24.11150345031377,3.1296827291008684,166.9809428669454,2.2,battery
20.502135295603015,28.504966348313317,2.644382410402826,126.7669951936277,2.216666666666667,battery
24.127267288786133,13.61150690254667,2.3893733050353707,182.57786708263927,2.8666666666666667,battery
30.742692948967136,21.358904611052587,4.59933338274909,136.63383398034176,4.05,battery
27.958350559263472,28.309765951760838,1.087293587101958,89.5694480433942,1.4666666666666666,hydrogen
23.736874205941255,10.678919571715976,3.6551587447023564,189.726377947775,2.8,battery
33.35558684167138,23.9484053449368,4.853577736854202,120.00616544297884,4.533333333333333,battery
19.184815819561255,15.946980147451015,3.2406727338473678,140.58736314389677,1.9666666666666666,battery
23.764339456056547,28.487923907530607,4.747289848132367,175.9621436510662,2.8,battery
25.99085529881075,29.421164903307357,1.209031517144095,126.54386200081967,1.6166666666666667,hydrogen
28.682099526511077,28.885329782268677,2.6751732762966456,87.92199186054019,3.4,hydrogen
38.55527884179041,19.484284333149276,2.0406311638482046,132.3489465817939,2.6333333333333333,hydrogen
20.99021346475079,27.240853019786268,3.923283859922919,212.2228015772025,2.3,battery
30.42703315240835,26.890987970701406,4.925188361988987,169.84281562179814,4.0,battery
32.772437065861276,16.382009464865114,2.0261202497769912,174.00708081340898,2.6166666666666667,hydrogen
16.393512381599933,26.57830948301355,3.616698405896298,168.51950150926956,1.4666666666666666,battery
33.226345557043146,10.740152694309852,1.7923905310389605,107.85889945432115,3.1166666666666667,hydrogen
20.115723710618745,21.92539756964106,3.2613210182864396,138.5667409743192,2.15,battery
16.951547789558386,14.60017674575406,2.855729946753345,185.13157177086455,1.5666666666666667,battery
43.466566117599996,12.411337715545576,4.888021318526148,94.19220565744229,7.316666666666666,hydrogen
43.96896099223678,11.539064032584182,3.4341090907858662,118.89938865255971,5.533333333333333,hydrogen
39.25192044349383,23.925775517562794,2.398025488347275,118.6846751852195,3.066666666666667,hydrogen
24.13841307520112,16.797499275361325,1.4563831395517335,140.48264986323085,1.9166666666666667,hydrogen
17.930163420191516,24.49533543057523,1.6049873149397382,217.2516237319059,1.75,battery
35.52699079536471,11.307126815978847,1.9012677198049404,89.45035653573507,3.15,hydrogen
28.20457481218804,16.305806756612206,2.003866645361192,152.6181392132833,2.5833333333333335,hydrogen
18.661147045343366,20.789825847506744,4.402464231364551,105.11105548170946,1.8833333333333333,battery
29.855307303338105,25.814463296779273,3.2448911531300997,215.8947163573642,3.9,battery
16.031655633456552,16.3750500586414,3.0935636454974658,95.86249066184499,1.4,battery
42.27961206236346,22.51782752874018,1.4590754874768699,136.50414033062276,1.9166666666666667,hydrogen
22.763399448000506,27.71955496472374,4.44055877339774,183.30389787684487,2.6166666666666667,battery
34.875668530619464,22.31726376364609,3.891257212833935,178.63761992384235,4.8,battery
24.35133228268233,14.659189495072676,1.2706734476000063,139.18200916515053,1.7166666666666666,hydrogen
30.602040635334326,10.48801563113076,3.8313403889190747,128.51338351338055,4.033333333333333,battery
31.40130838029839,27.401977478018598,3.1741528693705843,135.66573299740188,4.016666666666667,hydrogen
20.545633665765813,10.425388217007743,1.326901382987113,116.9986768422095,2.216666666666667,battery
44.08753883293676,27.49403345368399,2.833202566114626,108.74661141895197,3.6,hydrogen
38.253984700833435,20.578742680544238,2.938785148520188,147.6255576582446,3.7333333333333334,hydrogen
43.18496824692568,28.781353970257925,1.663098160653103,117.59472584946502,2.1666666666666665,hydrogen
41.844820512829465,25.975664715473307,4.782792588001129,120.24463308561502,6.1,hydrogen
32.93699936433255,29.95868221066675,4.399901485922648,171.945848886438,4.45,battery
42.6562270506935,17.014236309034203,3.6760893493164333,215.5952264379849,4.633333333333334,hydrogen
17.654775061557586,25.34376577862254,2.849182244002429,164.5092080783125,1.7,battery
20.879485872574357,18.03861827218484,2.647062166338034,90.77712538909527,2.283333333333333,battery
16.35681866731614,19.597512406078177,3.6038938686038167,90.58170593956937,1.4666666666666666,battery
24.759909922897933,22.5501092643674,3.181727477627622,213.19925091837922,2.9833333333333334,battery
26.660318690684463,27.473542283726776,1.2490924235275425,121.62071064302671,1.6666666666666667,hydrogen
23.140470953216877,29.681669383985902,3.0500105950813268,92.88937805154656,2.683333333333333,battery
39.86212527455788,25.365468277290365,4.225614468931358,163.8662422010534,5.3,hydrogen
25.70259980080768,18.355335643346677,2.8369595103878322,167.31082896063725,3.15,battery
23.428035290621423,18.427140045541403,1.2078263102170737,170.79067481661633,1.6166666666666667,hydrogen
31.280882494747456,24.75164603177783,4.145112797536132,117.43628390005578,4.15,battery
19.22772674924288,14.775542915366046,1.8054551285438976,82.1154957900265,1.9833333333333334,battery
39.06590942262119,12.209482262627894,2.034483339552155,215.10215172362606,3.15,hydrogen
17.236519310393124,17.09244315281553,1.6588254137291836,115.12502639675435,1.6166666666666667,battery
44.60660809801552,15.744779833081635,2.32086025948599,174.64368032735666,2.9833333333333334,hydrogen
38.16734307889972,15.9261624091198,4.02700602275454,178.92818178301934,5.066666666666666,hydrogen
20.961470446025174,14.672155020998199,3.0775434380157494,165.401038391128,2.3,battery
15.165663513708072,10.841863792727239,1.8195250966028502,123.80703518991075,1.25,battery
39.463842853645026,10.357478694668277,4.511320312608163,117.95347552696921,6.133333333333334,battery
36.205720315428515,29.75444779472063,4.518327419806116,163.67355957837844,5.033333333333333,battery
36.87021504122962,18.555462674717248,4.482313700184028,201.2533887056368,5.15,battery
38.13811040057837,17.686532943193633,1.9551848455261571,212.54272204927537,2.533333333333333,hydrogen
17.221339552022712,23.5929456538614,2.8049573767239524,94.82681261652607,1.6166666666666667,battery
25.753971856328178,14.365077757301282,4.9399586245635,101.67600576368078,3.15,battery
18.47607178575389,28.99922367900451,4.088049905239961,212.26307622963114,1.85,battery
40.89310277626781,25.726900288311043,1.1086696849022393,183.11493196687096,1.5,hydrogen
33.69894380482674,11.78822004624519,1.2608183650419682,203.61913547616822,2.05,hydrogen
24.926940745579476,18.35161551569857,2.855725507249331,108.36856877894805,3.0166666666666666,battery
16.90675050858071,27.582366151243292,4.636880823446241,162.26202195531624,1.5666666666666667,battery
24.329469651469864,28.894640445828205,3.154807191810857,178.15954321844632,2.9,battery
24.75549966080241,19.348030224997395,2.991250032137161,175.21566396257617,2.9833333333333334,battery
36.888185350141924,22.268227784214154,1.4218947998265223,137.14123672133775,1.8833333333333333,hydrogen
34.12672414065639,13.340678921841505,3.627120418897176,82.15528483678318,4.666666666666667,battery
41.616382277289794,29.823372522739533,4.2884126424009015,161.60964795259684,5.383333333333334,hydrogen
29.16644775485848,14.633434027668867,2.5216800300302493,115.43421548514522,3.3,hydrogen
18.58782737814905,28.854635482702513,4.10244740370131,143.03559446000463,1.8666666666666667,battery
36.39734361668985,22.992932979847367,4.857906615603246,214.06134211173443,5.066666666666666,battery
37.82355145850693,22.154735897577183,1.8150658365107564,135.86494446994087,2.35,hydrogen
31.83831592708489,20.25377022033017,3.093318524778965,197.57222493301975,3.9166666666666665,hydrogen
38.12901539863683,14.613396234355173,2.148551832338302,106.39568480489515,2.8333333333333335,hydrogen
29.81386789093172,13.530560640110165,4.171417676135357,174.14446972350402,3.8833333333333333,battery
30.681984881459822,14.409724181403508,3.31037346352463,216.7809736214521,4.05,battery
27.826230550756488,13.72876524288509,3.538329670201215,94.26503412221115,3.533333333333333,battery
15.762573802322855,25.591689471335066,4.191656638463576,81.16479191180689,1.3666666666666667,battery
18.236742809799132,17.002505183334602,2.5838818906498195,140.701590968566,1.8,battery
15.942875570602027,11.156853531267927,4.660360273628173,92.96756762719141,1.3833333333333333,battery
34.09231233791341,29.382052602816227,3.13211546898456,184.7738089546724,3.966666666666667,hydrogen
24.4306794322898,27.675717699268514,1.631819291341392,208.03681293879825,2.1333333333333333,hydrogen
30.257120734941083,28.55504566390426,3.78359647267521,140.76293617922624,3.966666666666667,battery
42.22699421778279,29.898156452928706,4.173045401753018,116.21962990176173,5.233333333333333,hydrogen
22.47876687446625,13.477904984389745,2.2670467082701067,140.81646466092536,2.566666666666667,battery
27.31148769106889,17.924840378053176,4.428717027995011,181.28269449900014,3.433333333333333,battery
37.66653415629146,25.164769514081826,4.624573019063066,81.26758262125193,5.3,battery
21.863944964748676,23.920412361075844,2.1076179495112357,162.5235585278576,2.45,battery
17.30939729486379,13.077918126797101,4.934085890860889,165.86083588423307,1.6333333333333333,battery
23.69254358741304,26.316662499812356,1.5628461121950337,169.27635456543098,2.05,hydrogen
19.83663861762013,14.488811436733213,1.8080626736099599,113.88309119732281,2.1,battery
42.890929570277194,14.476352296452461,1.7368993569521045,179.96738127293776,2.3333333333333335,hydrogen
39.24361138693251,20.73948845786827,4.575958840031482,92.7948080864487,5.8,hydrogen
34.002112695312704,21.858798696834064,3.6171702092998474,107.89784710535211,4.55,hydrogen
41.143817705631534,21.601724156756223,1.6084171328890915,202.8458065316275,2.1,hydrogen
39.110162306973436,11.829736747955097,2.761293673473396,183.4212411017193,4.366666666666666,hydrogen
20.597101766581076,27.54921725260761,3.461192100279208,81.92437756158833,2.2333333333333334,battery
41.77676995469933,15.31200085177412,1.3338563399575332,114.77267645177203,1.7666666666666666,hydrogen
31.18026725746952,12.590298425656083,4.529665473629355,110.01690761904304,4.133333333333334,battery
39.22320465492187,27.774961597379544,4.214414141766141,117.91288592517617,5.283333333333333,hydrogen
41.8827389977048,29.113029964595068,3.020827094306553,114.6583678391841,3.8333333333333335,hydrogen
24.540104249155917,27.24255234530901,4.868506461036682,88.7536814039984,2.933333333333333,battery
18.301557735830304,26.19032149449756,2.671043917100399,144.25167232355483,1.8166666666666667,battery
21.83805487625825,23.104839612780435,4.936441276145992,182.58268647006312,2.45,battery
27.813233658787688,21.017147412182787,3.6716799952145083,164.9424414604411,3.533333333333333,battery
39.54044297767479,11.739735198228203,3.538685093015766,174.20203360373117,5.6,hydrogen
40.82191749769031,18.169064261413972,1.66381958118314,91.36088499507348,2.1666666666666665,hydrogen
15.208563915935722,17.45377034024628,4.527711033218576,213.20869942475022,1.2666666666666666,battery
30.32241907732697,15.195075675206525,2.7099587516824606,197.3888567380235,3.45,hydrogen
27.52233009446337,24.468402273771698,1.6489336231299174,192.71264458939277,2.15,hydrogen
21.663234314121908,19.917514701575417,1.0504300799030362,195.21773270584745,1.4166666666666667,hydrogen
18.595961020010485,11.620924318152959,3.2390227345535303,210.5794711385866,1.8666666666666667,battery
25.12845514210884,14.403664038996226,3.1095984884907053,156.19555525591767,3.05,battery
43.287291117375574,23.66517527319192,3.8774144894766343,108.03948250146763,4.883333333333334,hydrogen
24.696087960622656,11.522617189806004,4.561032212071209,166.34970509935576,2.966666666666667,battery
30.563718652300985,27.024138280975375,1.317626338572118,184.00340911351145,1.75,hydrogen
36.090568766855334,19.902930540279485,3.9259859613614494,183.30843506956356,4.933333333333334,hydrogen
25.90888807137882,19.61173154653296,1.7496477763903289,153.0028633833632,2.283333333333333,hydrogen
44.15346248162882,21.84815569319035,4.432708212628656,89.58422070670093,5.6,hydrogen
43.87341884826334,26.493619318502983,4.276254055446625,131.95581138021788,5.366666666666666,hydrogen
22.553468874760924,16.95618415804386,3.1631750199421775,208.90732518487002,2.5833333333333335,battery
29.91745517677156,23.56032305118127,3.840971194493246,161.82284736603964,3.9,battery
24.026349294503092,21.314639279915824,2.2574004527349936,155.36647205579987,2.85,battery
23.545214831324028,15.340565403388426,2.8846715957312585,117.6394920135071,2.7666666666666666,battery
16.106608420635983,27.57259972710316,4.286547590841886,131.58284878832103,1.4166666666666667,battery
33.286930019396905,25.94852043213856,2.8370607886928556,205.3484524814437,3.6,hydrogen
30.080370696865845,23.169036693168508,2.431193061301767,173.304826653757,3.1166666666666667,hydrogen
16.54436253749968,27.011634581884838,2.9768497890011996,190.23418374532662,1.5,battery
23.359393927098346,27.34588401919605,4.312997009748873,143.60835922947172,2.7333333333333334,battery
42.24797657899961,24.167259534300698,2.340832189483491,168.2346107238621,3.0,hydrogen
22.186856720009175,26.74026656727344,1.6950463725429752,114.77370522404905,2.216666666666667,hydrogen
19.346846162736693,23.949429233385672,3.848056081323123,178.76451623968808,2.0,battery
29.68358280832689,23.602815435206008,4.303912850832328,139.86418671846724,3.8666666666666667,battery
44.56951362331802,22.372227564303685,1.4025499140941333,141.95637207406438,1.85,hydrogen
22.261658145345013,25.054332791152824,1.959496451023779,170.9051254407634,2.533333333333333,battery
35.16406642217636,13.172102105861473,1.5678879590439756,211.07928700564972,2.3,hydrogen
37.84858845986153,27.61741518397857,2.3917656463286665,88.96088852520693,3.066666666666667,hydrogen
22.12912631977199,27.43687055490464,2.8014039156216506,195.46405322858107,2.5,battery
36.84649045835579,10.584945660691183,3.995305347853226,120.93363545770703,5.15,battery
26.033493981577596,26.516335011295254,3.6045903395266965,142.1487236308929,3.2,battery
33.96917491780738,12.577397349468903,3.4837142699137247,83.06786602850126,4.633333333333334,battery
34.00589132282684,16.70237708518284,2.4094997864386176,122.14645089680383,3.0833333333333335,hydrogen
31.073240522242756,24.870165125832155,4.365790212339039,150.36837396821826,4.116666666666666,battery
17.70869310163225,13.215197920966164,2.8851486695926583,87.86465082864146,1.7166666666666666,battery
40.05907486767714,26.359340482381242,4.916419752060618,148.75340211364312,6.3,hydrogen
24.623401949152075,26.64268355915484,3.5365685531829474,209.79548804017983,2.95,battery
20.595555311995625,20.149354675216724,1.505058966258011,94.75505053509274,1.9833333333333334,hydrogen
16.223254246642917,10.127717434336672,3.704710248301736,187.0217019305706,1.45,battery
32.72678829564725,15.740762663498256,2.300416061726796,137.35394747263896,2.95,hydrogen
35.32693085526847,22.338538367514843,3.7453087867443897,171.7243200334073,4.716666666666667,hydrogen
15.497634867835684,29.62372356054847,1.278564592649623,116.43312371793212,1.3166666666666667,battery
30.36279174897843,22.636270540333367,1.6995257487038375,102.32891675579016,2.216666666666667,hydrogen
21.79487325593814,15.196071621283195,4.422949035623145,102.4647659979717,2.45,battery
34.35518371228349,22.680114061992228,1.9087182280940596,89.86887239004025,2.466666666666667,hydrogen
20.23099287014974,20.79970759431711,4.348164500971761,105.99053868617402,2.1666666666666665,battery
35.72813214307398,25.596907903022874,2.1171043538176417,172.99071389845557,2.7333333333333334,hydrogen
26.602060389016124,12.139612776539169,3.5715276402348306,203.4366856580911,3.316666666666667,battery
43.101899662102035,25.22055805004056,3.776602294039324,193.97759598276264,4.75,hydrogen
19.125628324379797,20.825331573522206,3.0506190125802117,175.91880338242777,1.9666666666666666,battery
25.231990531507755,29.25984007717989,2.221242706786925,95.46046087755437,2.85,hydrogen
18.40420563721767,16.837443320773723,1.8505775054843845,120.48624248143298,1.8333333333333333,battery
42.74080854835688,22.652437862678962,1.1327574182497049,123.37296254514565,1.5166666666666666,hydrogen
41.32018060142943,28.64056211020035,2.2157856049628952,114.99397249566698,2.85,hydrogen
22.73824883145467,12.050194559813585,3.612651162125132,152.10079235936124,2.6166666666666667,battery
34.79952138102537,28.744569744729024,4.753219273793931,154.97753408315415,4.783333333333333,battery
39.51666600603647,23.757714446016266,4.484817929052208,129.96403652395543,5.666666666666667,hydrogen
31.65602434798387,11.356741182103438,4.06425910614121,129.53048222310105,4.216666666666667,battery
30.889517350680194,16.019271338936324,4.153789373013195,195.9977837068514,4.083333333333333,battery
22.25556872701355,24.16344177290563,3.659939613903981,190.500998764756,2.533333333333333,battery
17.793083034176977,11.347012029375435,2.041147430264012,123.09141643530438,1.7166666666666666,battery
41.91647273859981,21.643409203525465,4.628780122823319,207.9303821422563,5.883333333333334,hydrogen
42.01254171489991,16.917661139059135,3.682929247623336,213.39410238035086,4.633333333333334,hydrogen
33.99304371819804,22.41831035534954,3.24176252392176,125.74395588420572,4.1,hydrogen
25.17089373146102,10.914840676250257,1.4439578768539243,129.61949283102769,2.4833333333333334,hydrogen
25.476287238379825,27.430736123047524,2.7882221752257017,150.78878147907423,3.1,battery
36.77867036610718,29.469779383547937,2.841433084807705,211.7569137547143,3.6166666666666667,hydrogen
41.913307798577314,29.37755710571383,4.45825443809068,202.68472063992363,5.633333333333334,hydrogen
41.61259272795352,24.993036634858495,3.186592880751154,94.35951476170257,4.033333333333333,hydrogen
38.396266375728715,12.60172480261264,2.5216021958816386,134.98230405799828,3.7666666666666666,hydrogen
34.26094938462863,25.16526391858045,4.907201314042638,157.47196656496806,4.683333333333334,battery
17.524198949851467,10.49173832917603,1.4428823733052627,150.4385461572156,1.6833333333333333,battery
19.84886142283841,10.442471030579945,2.6901937132477785,107.14082951116498,2.1,battery
41.956625655812374,16.472204382990824,1.1680987006856212,200.23434796354167,1.5666666666666667,hydrogen
33.1928717897877,19.772863808093316,3.9596164830677214,174.7717096195572,4.5,battery
15.27591154849889,25.408148356155863,4.672306208796602,197.3071724792525,1.2666666666666666,battery
18.044146285980965,23.665907532130106,2.1201493182019577,200.22699910892612,1.7666666666666666,battery
34.905053073241675,18.918054127534965,4.433366707196484,184.76981951320357,4.8,battery
15.15184751538656,15.472533325633318,2.168872921847591,141.4894841749604,1.25,battery
19.82424154252496,29.942490003154223,4.643080646575661,165.47654570215946,2.0833333333333335,battery
31.462013680997583,18.523626044719457,4.015847614387136,102.45115685676404,4.183333333333334,battery
35.7568559307808,19.02774048659351,4.2196271073657545,174.31035844648707,4.95,battery
34.55883778507801,13.272476423833384,1.072026222401818,105.0954558034993,1.6,hydrogen
21.728079283816793,25.89619097499859,4.851241428296104,177.15294267142195,2.433333333333333,battery
36.36537664042608,23.87364451562977,3.906683968281293,112.14374250555562,4.916666666666667,hydrogen
22.117472624904003,14.415392255775208,2.2190043815445333,96.4571820210308,2.5,battery
24.76199094477803,11.647620912316853,4.317578659435387,103.13982862001404,2.9833333333333334,battery
37.394742153540726,23.60998604149426,2.12608479365972,80.27889893066984,2.7333333333333334,hydrogen
34.48898697141644,23.090224285622703,4.491015358264512,180.62354649949424,4.733333333333333,battery
40.47670231482534,15.465190539964187,1.450321561647748,182.5361468681731,1.9166666666666667,hydrogen
34.7283867690103,29.017271245008207,3.814743909843183,152.0906689878563,4.766666666666667,battery
32.04925810006415,13.021157835618006,3.1627939065796413,102.59079214775372,4.283333333333333,battery
17.810243034842774,18.64669602085204,1.3861378807817633,91.69760725149656,1.7333333333333334,battery
26.031474091783004,28.872318403351976,1.967575313035356,82.67805530122018,2.55,hydrogen
22.956071030451763,18.394546338522446,1.0496161451092592,103.2047447751309,1.4166666666666667,hydrogen
22.319689301372506,22.77051895328171,2.8750718618580233,204.71977489764055,2.533333333333333,battery
44.190316642573364,17.951887959255885,2.2050610430400015,113.81515783823545,2.8333333333333335,hydrogen
26.792931740002814,15.484304046973401,3.3934299371910353,129.5979858104102,3.35,battery
41.7613966553134,29.679552959196563,2.1889512308344687,94.74836782738664,2.816666666666667,hydrogen
33.93415877991789,18.18668012630086,2.1996764460279388,111.13058266474384,2.8333333333333335,hydrogen
38.84433910624945,27.88198407358269,3.9727727949264136,152.69143990922873,5.0,hydrogen
30.079112793155765,14.599092117821723,1.1925713439134138,165.08537563339135,1.6333333333333333,hydrogen
32.30711653879077,14.262094080501665,4.611579980767949,114.34932398326956,4.333333333333333,battery
29.77553081456592,10.622681657690228,4.409055497564726,88.0825022915164,3.8833333333333333,battery
20.857289633941335,23.033336507517703,3.671218732905626,134.74460167783582,2.283333333333333,battery
36.67356345784516,17.370526874475225,3.372886280429537,112.78847192968678,4.266666666666667,hydrogen
23.423170873225672,27.28716499679274,4.5692099925586085,110.73754925217227,2.7333333333333334,battery
15.729478992943616,19.464198133831143,1.7413207181148578,214.38079237988373,1.35,battery
34.364168877215036,29.363868558294435,1.3158766487633144,166.28206802960136,1.75,hydrogen
20.31332038221147,13.710510314062423,1.9580406796381524,157.96298204409342,2.183333333333333,battery
43.21375753058743,27.372463359112217,4.178313114800761,138.20851449326506,5.25,hydrogen
43.617857310077625,25.531937055834835,1.1386810669059333,140.0522066802202,1.5333333333333334,hydrogen
42.44593170661346,25.41843689288104,3.3312273403339585,155.7267005373313,4.216666666666667,hydrogen
26.10476100766333,26.895664562337753,4.98175006476524,177.50017298505503,3.216666666666667,battery
15.463698495866023,25.220479818859978,4.422784375350158,178.30045346545612,1.3,battery
42.84955687763176,22.524406432628307,3.085782756174358,104.03714707876294,3.9166666666666665,hydrogen
27.84552444951943,12.624897553647752,1.2545636371465694,150.01578529072776,1.9166666666666667,hydrogen
43.999644571310085,10.650523589825038,4.325494057542839,137.67413330477427,7.5,hydrogen
43.90859931267758,28.416956956313737,3.395914032708842,201.87377527771378,4.283333333333333,hydrogen
40.5902836640208,22.33300629041476,1.4597319882382673,168.3986489705727,1.9166666666666667,hydrogen
23.83346676208757,25.930745819523526,1.3754291392934248,154.55056929823746,1.8166666666666667,hydrogen
26.552931858057757,19.630447030251002,4.63850727774637,96.15524990504844,3.3,battery
40.534100145505704,12.34616377924789,3.6768010517523138,164.78930450527758,5.55,hydrogen
24.50766015468833,12.503715844051008,4.317147197267023,96.40854679523268,2.933333333333333,battery
20.084782400582775,23.711305744579427,4.51591560112907,127.20892057920528,2.1333333333333333,battery
31.704037873750504,18.606117897989254,3.287089408193289,99.99787507400646,4.15,hydrogen
43.08464322482343,14.010494534006735,3.069785407020165,176.89031058341163,4.133333333333334,hydrogen
35.88089390024919,19.83189093482874,2.7217096412839608,108.87529593706137,3.466666666666667,hydrogen
32.10183510268095,11.284178741502682,2.267786351164477,134.86031224632364,3.75,hydrogen
17.915294813123054,21.639428038287974,2.738383843434847,205.394468866629,1.75,battery
33.45021680097509,15.379868088701954,4.0955186229206255,108.60429367585584,4.55,battery
44.7016155031279,25.951182012743764,3.4076937240605263,151.09270895422907,4.3,hydrogen
19.202520457095723,16.207239178471475,4.570093159819384,138.6980325632431,1.9833333333333334,battery
30.5498895709121,19.104402981636024,2.773520057516751,82.53736574640216,3.533333333333333,hydrogen
41.32119215783867,10.232410798162013,3.428358314875016,190.9861359001938,6.183333333333334,hydrogen
37.22305853262613,11.448937755891178,3.525230212367955,89.66642688404396,5.216666666666667,battery
35.910472229858044,17.849871128133696,3.366788649225302,146.3957029367735,4.25,hydrogen
36.07452251961328,19.59877669434247,3.8105350923420653,158.494961291453,4.8,hydrogen
25.784734536592655,22.000410962386074,1.9497338734992251,167.9797039260422,2.5166666666666666,hydrogen
23.8077553279348,15.833251574186065,3.0494551101831626,176.40842810310258,2.8,battery
39.28083466435541,23.89963772253085,1.4168992112333907,115.45813369318012,1.8666666666666667,hydrogen
39.30340184037542,27.20244794378409,2.53804531057925,81.39702873218292,3.2333333333333334,hydrogen
41.01216955740311,25.597019777866997,2.9506682744850576,181.2821127296877,3.75,hydrogen
42.397216576694134,10.792376506967143,3.60889703818189,154.99192390866102,6.183333333333334,hydrogen
30.340271965828133,19.610138945156578,4.8021242103448145,197.05647844901483,3.9833333333333334,battery
30.045488840615988,12.098603568363497,3.4026042661934235,194.9943708060972,3.933333333333333,battery
38.948855369003255,14.840900317250549,3.974375664706239,198.06566349030365,5.05,hydrogen
34.498917923332954,29.73325186534293,3.025064237980811,147.91325239713564,3.8333333333333335,hydrogen
36.059006317731104,12.849910858030265,3.5364161255053252,126.7079754171612,5.016666666666667,battery
38.873780083083034,19.97776306902712,1.2837288645350937,190.81814836279182,1.7166666666666666,hydrogen
41.70016025452699,22.36311468636238,2.017566323367388,143.1811758240957,2.6,hydrogen
25.139854705546075,24.049299410882078,2.447412372820555,105.68190749648083,3.05,battery
26.26748857919832,21.192973669738283,2.8899734200260543,199.6963627386064,3.25,battery
17.81945819522607,10.195416948383674,1.182594982009535,203.55838274812862,1.7333333333333334,battery
32.34840422988522,16.529226164879837,1.5600963902132707,145.2833658596238,2.05,hydrogen
16.078268213902263,20.35423286769423,2.107257231165223,90.59796182337024,1.4166666666666667,battery
28.967940543973803,11.757329982896668,4.886130763604203,134.2956525883704,3.7333333333333334,battery
31.2793390412273,17.012538624183616,2.325388028412203,192.49527232476447,2.9833333333333334,hydrogen
23.596237563848533,10.66406217582733,2.92816423244833,206.248363996472,2.7666666666666666,battery
32.724997817070324,11.571569943100414,1.7843908509535717,108.48618394966341,2.9,hydrogen
15.915007498171484,17.93846552403192,3.443120284303073,89.37630568353802,1.3833333333333333,battery
16.12044566247643,12.654315080861206,2.122732862063897,202.82906343859742,1.4166666666666667,battery
39.67801681978975,21.35081696523116,1.827970313753707,134.51669145704255,2.3666666666666667,hydrogen
25.805719242337886,23.789299382745313,3.0662905137839163,155.84653499745886,3.1666666666666665,battery
18.811815379556542,26.011733982181656,1.0220231966416833,215.52921368710625,1.3833333333333333,hydrogen
30.667297801644132,14.003004884896201,1.0306561305969013,89.3190619079912,1.4833333333333334,hydrogen
38.09980659295832,13.349651645181396,1.876275236407431,170.76452104329337,2.683333333333333,hydrogen
21.474630824905297,12.091356806688005,1.1468854500032846,90.37475916048139,1.8333333333333333,hydrogen
33.68671427457001,22.728604990872732,1.4321030165227655,132.56564998531005,1.8833333333333333,hydrogen
17.56042394981304,24.129514529738024,2.3554425973550064,192.53403632708256,1.6833333333333333,battery
16.55045163505823,10.63172289651284,4.210342718319252,140.6861125857888,1.5,battery
30.94063894704444,28.724244924873798,3.2881945734772033,219.60552954641307,4.083333333333333,battery
31.219053648303195,11.039425673029449,3.0506709038256656,158.2682998925243,4.133333333333334,battery
34.1228970449462,20.82592670602141,2.1739552928324866,124.96270136903348,2.8,hydrogen
36.78274001167985,24.18121038901833,4.727014877731266,110.81558562666544,5.15,battery
44.275562383876036,27.41938247492171,2.5880601649487667,129.07287480006266,3.3,hydrogen
30.48901044903586,24.281738642648556,1.348371067183086,132.1546583263371,1.7833333333333334,hydrogen
24.688694188237378,26.034561661395838,3.468266064471205,89.61991488135453,2.966666666666667,battery
38.85558584306111,16.78900385085612,1.4553535739064056,131.74038791974823,1.9166666666666667,hydrogen
23.124967537862226,26.296502274930244,2.3808925712067683,144.9933927634915,2.683333333333333,battery
28.169142621169083,11.602296927693503,3.0296477548712355,181.18328531343263,3.6,battery
17.35369144026798,27.896333121210553,4.496890098740703,171.9421278610251,1.65,battery
15.760522302463725,20.951847523074726,2.9741863213604747,179.2271917320816,1.3666666666666667,battery
43.87945244033775,26.345955399249874,3.809035064126657,81.17091546276,4.8,hydrogen
40.079403615366175,19.046365690366002,4.9712673559962814,110.47343594127504,6.383333333333334,hydrogen
35.87922618281094,22.871553903930497,1.5259564795919265,172.6358003759799,2.0,hydrogen
27.268588332428095,20.528053218722263,2.098926102078078,147.7585115451646,2.7,hydrogen
20.19882960212537,24.631790435106637,2.5783043023905856,80.74388659356843,2.15,battery
19.69311128013258,11.632599640611792,2.6873127141553255,192.6292499404551,2.066666666666667,battery
22.50728694493786,11.207041679811276,2.644084301062183,188.19334026064723,2.566666666666667,battery
31.476799941183614,14.942064680202929,4.63044401022622,156.77868281909878,4.183333333333334,battery
36.437877681001865,13.190893602263767,3.8561305778674257,89.3048656086781,5.083333333333333,battery
34.80592130153194,27.435671331844034,3.431620856362815,187.31210693456185,4.333333333333333,hydrogen
23.398016908378285,14.384279747160885,2.2374908714511283,161.71990228239093,2.7333333333333334,battery
43.64595841989582,29.517305116382627,4.295161536885178,189.47439680211428,5.4,hydrogen
37.13690750087305,16.737915835422136,4.820242045939956,185.24457893541768,5.2,battery
31.63062157534202,13.642358313773986,4.284793130200907,192.42029007409718,4.216666666666667,battery
33.35162238703057,25.79397014284958,1.0062604207658916,152.52112929664747,1.3666666666666667,hydrogen
27.588001872833697,23.17415551001752,3.545605480733628,99.6454325470921,3.4833333333333334,battery
22.431929685034724,19.96391432906278,1.204541525768403,173.96204627315643,1.6166666666666667,hydrogen
25.679180359537845,21.107271018752627,2.0304288813348874,166.86632990727588,2.6166666666666667,hydrogen
37.735383313931074,24.384035565445277,1.2380988013910867,183.9154462078722,1.65,hydrogen
15.431804658892677,14.569094826625975,3.415181811797551,103.78334084710295,1.3,battery
18.482179215207488,29.926678321134837,3.746359653970427,107.29652798604049,1.85,battery
16.380079260652582,29.495863242935663,1.4579505522636205,204.65733241070598,1.4666666666666666,battery
16.221864069569104,23.00651372693874,2.535355532179918,184.99689178328993,1.4333333333333333,battery
40.66381752033021,13.990849018582903,2.824946035822168,207.15198841804522,3.8333333333333335,hydrogen
36.109735781400715,23.604564848625827,2.4762120870436664,186.2201449629489,3.1666666666666665,hydrogen
29.225214872619755,11.443968179583518,1.4841000019407722,163.60174283864228,2.45,hydrogen
17.935024819530042,10.613050044116122,2.6757911607499016,171.5785831839023,1.75,battery
29.74847625350497,15.153657770224275,4.004712191233672,204.4779093516014,3.8833333333333333,battery
29.204153123416972,19.252459134786328,1.2840306581330219,161.03294563167168,1.7166666666666666,hydrogen
20.196056097300456,27.36545010816761,1.3207200563276138,168.53478540597422,1.75,hydrogen
28.01554947713919,24.54338139532616,2.419085167343937,101.90674024050408,3.1,hydrogen
26.955142031921206,24.85413042399962,4.7669028464757,146.3489708162544,3.3666666666666667,battery
33.47550294156649,18.50986668896151,3.674290586891656,180.29559567413384,4.55,battery
34.052809526029314,16.91869985093926,3.714679826690259,117.93197776429116,4.65,battery
16.359120293161336,17.420775259692054,2.44767996335146,108.31558527343489,1.4666666666666666,battery
26.238378438794136,29.752991274721158,3.3746431648341537,123.93575315141817,3.25,battery
33.77579747142709,10.80218382824965,1.0405247361109735,113.81008791899669,1.8333333333333333,hydrogen
30.094087757402633,27.340629922448972,3.544384185638169,110.08776918509542,3.933333333333333,battery
40.69469523564967,21.57350817144787,4.653147790304947,139.47911800153219,5.916666666666667,hydrogen
34.760808948568354,18.77230838379181,3.4502938733792767,207.0973919436948,4.35,hydrogen
19.88803281244289,24.50515320830273,4.49479437386538,150.98835054342055,2.1,battery
17.117062422012896,19.733378828494057,3.8958922218643752,106.30885331414522,1.6,battery
34.27257834618947,27.46846476163321,1.482233665614761,90.77603371332236,1.95,hydrogen
15.795339316248654,28.01403728022517,4.609813229143366,177.46186031930955,1.3666666666666667,battery
32.5732674382039,18.434418537469107,1.2657753774230995,133.5918270210943,1.6833333333333333,hydrogen
43.20690724274873,15.536555944701032,3.135869890191055,195.0563325219503,3.966666666666667,hydrogen
32.26422533627637,21.847006571867244,1.5685484951738307,172.33150760970784,2.05,hydrogen
26.645097786195656,28.24726691233382,1.0468264429236163,191.47380307579158,1.4166666666666667,hydrogen
34.29864655327059,14.21324378011333,2.688137040510556,118.07244551858282,3.6,hydrogen
28.7475867147455,22.459331671269656,2.180162830616625,176.93024914454816,2.8,hydrogen
31.36850367947805,22.63120440185041,2.944001975190412,116.96867785712064,3.7333333333333334,hydrogen
43.24394426329576,24.66226044830562,3.308799546938203,211.4695871230408,4.183333333333334,hydrogen
26.58307913402323,12.631353702545196,1.1749562892357894,169.0923994146724,1.8,hydrogen
43.83571691471742,24.31649929364177,1.4920131804949825,125.4316520245479,1.9666666666666666,hydrogen
42.160519258681916,28.18065041331282,3.2345695858017014,117.73166072091817,4.083333333333333,hydrogen
20.873734043678894,13.59366217740484,2.372669412690633,106.7297219100301,2.283333333333333,battery
17.080839026254964,14.750866498477553,3.916693950197792,177.24973424512189,1.6,battery
18.0233400413228,29.427901880832792,3.6091665943677587,110.62018581970982,1.7666666666666666,battery
15.546654769546493,13.619539054189795,4.382417451959627,163.34245722984846,1.3166666666666667,battery
17.83328882267785,27.087701867391583,3.769971306676901,117.04890376955004,1.7333333333333334,battery
35.490203202490704,19.845557128960696,2.7197243095605925,172.6756522711416,3.466666666666667,hydrogen
17.13565945380687,14.944621488063541,3.6918664895777296,194.09156199567548,1.6,battery
24.569268908812838,27.414998025450227,2.101524697021674,188.92353404025144,2.7,hydrogen
40.34625932908364,18.90610510005331,2.2252539951128507,186.51918633030942,2.8666666666666667,hydrogen
15.698158072074776,20.296347078593804,4.155940639683173,106.28113679691529,1.35,battery
39.43405447766807,17.18466738799531,2.7856780656063287,92.37389257783262,3.55,hydrogen
23.455643243201997,21.85901702869855,4.19352136207341,177.85283598823398,2.75,battery
18.544944828649687,13.270477451700454,4.289689494673114,131.56860993120918,1.8666666666666667,battery
35.90211496092452,17.821630733035214,4.430249350645135,140.5284716964686,4.983333333333333,battery
33.86828540339652,29.38824644670575,4.666540943364829,84.36087299107474,4.616666666666666,battery
41.32416040581159,15.16266865402255,2.723940882053185,116.34070289850689,3.466666666666667,hydrogen
37.05213131411657,23.134733290825842,2.2754672732845553,84.71469654242496,2.9166666666666665,hydrogen
39.10442791154546,16.503801284493896,3.3287949863764554,203.08600816417467,4.2,hydrogen
23.461037177139197,25.46946251373201,2.4846896937505103,114.07553565059428,2.75,battery
20.323186313391684,12.617473214366996,3.404296667200932,158.02720374022113,2.183333333333333,battery
37.51844254922575,29.396420901570895,3.8223434505752985,85.45710489255826,4.816666666666666,hydrogen
39.20504217801792,19.075790827672783,3.7536200739685475,173.35863478279214,4.716666666666667,hydrogen
44.7151542600202,14.72100926692928,2.4982115480804854,125.22382840557314,3.25,hydrogen
27.378530307342793,11.469934946600253,1.6674408067950113,205.7086861740732,2.75,hydrogen
26.160542573783495,13.395158101750814,2.72211735384883,204.336546450765,3.2333333333333334,battery
38.29238882225991,20.395478971120355,1.570376576327635,125.54068657064468,2.066666666666667,hydrogen
25.224106207590538,16.740063528625726,4.560388140735233,206.1345253966655,3.066666666666667,battery
42.922719768106944,26.57766731765219,2.3835098429514296,219.46207428982905,3.05,hydrogen
40.75238255529035,18.617750473236118,1.6178389888932951,195.55819297735275,2.1166666666666667,hydrogen
27.86982082125055,14.974285451752598,1.1017910396230035,198.28198868573207,1.4833333333333334,hydrogen
37.52613203374492,22.342899732080603,3.583289545145937,114.86122305527259,4.516666666666667,hydrogen
37.63628622254047,24.135544337708914,3.547609269818973,160.73833584008588,4.466666666666667,hydrogen
18.093716065077977,13.340838158018997,2.3624166663251667,89.4158279554315,1.7833333333333334,battery
42.076587200386996,13.352384325766353,1.286847555390604,93.28851115503376,1.8833333333333333,hydrogen
30.157571173435713,10.733428538670859,2.638515579580928,219.84496568466068,3.95,battery
39.79372398323225,24.72804030131281,2.2448699802535743,125.72949491962754,2.8833333333333333,hydrogen
24.601488030918354,23.276090552436102,3.7084825589400374,184.7457476868385,2.95,battery
41.86569685488601,19.492617514996276,3.4231169978107614,192.9331074237543,4.316666666666666,hydrogen
26.676050362024895,26.883408979383944,2.45837491279016,200.12325794101207,3.15,hydrogen
15.32512954440895,26.113403059001065,1.8715702170199604,219.66796163630192,1.2833333333333334,battery
42.16145929257791,21.707087287935042,4.952143864622368,113.8095079359615,6.35,hydrogen
17.738600303584008,27.365425610265174,2.8160064847844595,85.64911576035796,1.7166666666666666,battery
24.579409127712445,14.116824200735365,3.753096943120948,137.56681251924203,2.95,battery
43.50185901152415,12.238392387954558,1.562211870313443,98.21129377605257,2.433333333333333,hydrogen
43.51821440812668,15.394992230339792,2.942358798637591,83.13962448268772,3.7333333333333334,hydrogen
32.203136643698585,11.141737121786297,1.110146879477862,130.45975579980805,1.9,hydrogen
33.95511636509398,20.62339056002064,3.0218204716418,189.7233551505331,3.8333333333333335,hydrogen
28.453365659349593,28.732113845899228,4.856069628470809,159.26529677150992,3.65,battery
23.796323150941937,10.786870813370193,2.536826851943201,123.78891848944957,2.8,battery
24.85993636109748,12.442198280200536,1.1559840502996463,171.60788076898075,1.8,hydrogen
35.175553682311154,19.043980565668704,1.1238231636773741,112.4825452432335,1.5166666666666666,hydrogen
37.5712358831304,28.6775003505581,2.551947039787478,82.0134024500919,3.25,hydrogen
38.74737131177545,16.32312209953501,1.6400997458527762,187.00947410109984,2.15,hydrogen
38.68854428383662,20.144696173767848,1.0934083853127436,167.3240318809613,1.4833333333333334,hydrogen
17.73618309146071,10.831457181007842,4.024854455800707,186.7223674301344,1.7166666666666666,battery
29.832609141077445,12.966864019241777,2.8340920355275627,85.45132233627318,3.8833333333333333,battery
16.72676280049933,29.73260245917694,2.156979087890618,197.1967478962913,1.5333333333333334,battery
31.485866469712064,29.30237392872091,4.600332732065922,166.73366800508245,4.183333333333334,battery
28.24591504120131,10.098799618688192,1.4645558408021024,158.8753490997696,2.7,hydrogen
41.63112548274899,29.03623570846478,4.823675315821276,167.44596673603442,6.166666666666667,hydrogen
25.52745037656236,22.78239875631001,2.2558668695094113,201.02065456157098,2.9,hydrogen
18.512010492828175,27.358365890400442,4.553614689234725,162.171110918247,1.85,battery
19.289750461585076,19.09479711267718,3.411771505917846,161.3330531843451,2.0,battery
37.84531895152416,20.311920571585006,4.30682943896595,218.6950819892072,5.333333333333333,battery
33.546541899487835,19.776931605138405,4.936052652841857,185.94222338959952,4.566666666666666,battery
18.033680283683708,23.337285150922085,2.153621751274983,141.92113276315894,1.7666666666666666,battery
17.523204183449923,12.793025095126257,4.844541941630371,179.03558000460987,1.6833333333333333,battery
36.0290739437736,10.599471797453559,2.5579275796096814,134.4922660368504,4.483333333333333,hydrogen
17.182890190925807,16.158598831823817,2.5420476189476893,112.04256474768985,1.6166666666666667,battery
39.65580177871068,24.093615254732935,2.3615484170180228,163.5592627642863,3.033333333333333,hydrogen
36.18726681469489,14.037069042458967,3.165630429390341,209.9454937359532,4.266666666666667,hydrogen
17.440463419256993,23.468648666498346,1.6165801727139484,210.07953280216478,1.6666666666666667,battery
17.54513142255576,29.39824092214541,3.2148459414320447,127.86673893476865,1.6833333333333333,battery
44.59918735503526,11.878014315788368,3.166819249640016,153.87484527103732,4.966666666666667,hydrogen
26.22812387268361,23.452042364502525,4.04760725041948,109.62902579978056,3.25,battery
26.11926441200673,18.875004386091423,4.334599847750342,219.38835532984368,3.216666666666667,battery
39.383987017725076,27.362845087550106,2.761765401249696,217.356507101511,3.5166666666666666,hydrogen
43.41745732151576,13.542995788947717,2.209332997405975,170.93125015904263,3.1,hydrogen
44.58003191468613,23.85251904452329,2.037339589268378,192.61796835484625,2.6333333333333333,hydrogen
37.60134555776825,26.762305792962206,1.7784953468194877,180.11402257971798,2.316666666666667,hydrogen
26.287787565927474,28.892284389480466,1.2305903287960995,163.04215066552555,1.65,hydrogen
17.505021500960062,23.664960565792917,2.3697919153388534,87.46871957844567,1.6666666666666667,battery
38.3144074778231,19.94349528016855,2.080990768523133,143.66700795737256,2.683333333333333,hydrogen
31.752127492074152,22.356944804024277,4.865669543465629,174.4700823034375,4.233333333333333,battery
27.726660277409287,27.378099689574363,3.2308353050001757,174.85442594371585,3.5166666666666666,battery
42.19063155284208,21.412194932776593,2.38910815612203,132.2371665791337,3.066666666666667,hydrogen
18.33592446918454,10.607741193936738,3.321870403974784,211.83687813212427,1.8166666666666667,battery
29.778753128725775,28.618973910139555,1.556786805382782,103.42998451314934,2.05,hydrogen
15.340609343022573,23.790535020631225,2.7761749968088116,150.0503224701785,1.2833333333333334,battery
29.05981925982379,23.53026771554493,3.5049372856842553,176.72375671711518,3.75,battery
16.68909827045512,14.313503047954343,2.9555913271698055,177.59901282485328,1.5333333333333334,battery
18.564537488042156,23.177709404653143,2.607115202617297,170.80945394763418,1.8666666666666667,battery
18.525787403313146,17.877288113083168,4.975393555598792,118.54034988326043,1.85,battery
34.47630906348191,23.02465954082984,4.521259048595708,101.86891961612707,4.733333333333333,battery
37.3813463779627,12.131860606159815,3.4936238326377604,169.03164575573953,5.25,battery
32.50106295291479,23.156906092060723,3.277509444729131,163.90229625952128,4.15,hydrogen
43.86517645423626,29.98827451541333,3.482641919298336,105.10984144049374,4.4,hydrogen
26.246117385711123,10.96424077721112,1.805248431289733,178.71948037987886,3.0833333333333335,hydrogen
23.57136258845582,29.543483684426345,2.5805509730572744,143.7240788427119,2.7666666666666666,battery
41.057973845683804,18.13815921445741,1.1578381315635973,173.4864828244414,1.55,hydrogen
21.70787515558358,27.415069006745185,2.9021841499473067,197.2313911678211,2.433333333333333,battery
43.89667618321834,25.64770968116547,3.1720983358306527,103.76198000076924,4.016666666666667,hydrogen
15.36463424069449,21.340325219733355,1.9109989444128384,82.68028151955714,1.2833333333333334,battery
44.09636480122917,24.768984185026532,4.8561153886620545,189.07436209541015,6.216666666666667,hydrogen
16.294797358517283,27.57031122602696,4.637818443748968,165.35763952136622,1.45,battery
41.73429341094213,18.082806433020657,3.8885729418236235,177.94953974709705,4.883333333333334,hydrogen
30.831033272588996,16.540663231264773,3.1335465150614503,197.34169649840996,3.966666666666667,hydrogen
44.78894388357901,23.351867711271694,4.47987663859074,192.3935308754301,5.666666666666667,hydrogen
17.213896942061965,26.15691883882517,1.5226093752938517,214.52882057003546,1.6166666666666667,battery
31.615628532039622,25.245702695532316,4.16203917709954,155.03091103929654,4.216666666666667,battery
44.079076068572974,25.956272977172688,1.4992832558673932,148.38938857238674,1.9666666666666666,hydrogen
30.692935325104465,18.71166629625866,4.176842650197622,136.2642079847022,4.05,battery
33.88195914405787,26.35668432350043,2.103070273005428,101.51674599818864,2.716666666666667,hydrogen
35.87246066953851,12.40418110741217,4.508362324072756,160.16501260348315,4.983333333333333,battery
28.636231943033195,20.88978195921699,4.776168375301591,118.78175340563703,3.683333333333333,battery
33.8267424025219,10.115173209962432,1.5951838776204625,208.98305170981658,2.933333333333333,hydrogen
32.529429357693004,16.491716598005404,2.850702420261574,161.64671259879367,3.6166666666666667,hydrogen
42.034740314729675,17.32923069742796,4.92394951265074,162.9976252711354,6.316666666666666,hydrogen
16.363391410243736,17.923453832185107,2.9336297438925865,129.6894525227814,1.4666666666666666,battery
23.42889568776691,23.909344133797244,4.45419009005818,87.27850927687905,2.7333333333333334,battery
43.51234452229676,17.771162025406916,3.3549260885252794,84.44412715221841,4.233333333333333,hydrogen
41.70791351672749,18.973872452450614,2.5013196316784074,139.26692018144766,3.2,hydrogen
28.669702583571386,14.75088261748655,2.143134222103481,91.83915293361329,2.8,hydrogen
33.6039779340461,17.4650358325868,1.812892364344349,164.95857377561947,2.35,hydrogen
23.32143548943398,14.545392545263029,4.047192765510789,203.33622078955204,2.716666666666667,battery
20.64363479171284,11.463918475368873,2.5461620272921115,203.6080743126211,2.2333333333333334,battery
28.910952148199463,22.06897186762756,3.0451018488030046,172.26635741851254,3.7333333333333334,battery
25.600566840781585,23.364255971100327,2.9693019200047277,109.57245640621034,3.1333333333333333,battery
32.509683355526164,22.389806920192292,3.309116116932525,200.8195563902421,4.183333333333334,hydrogen
17.332039108949544,19.26988087601145,4.462308582498209,204.05308094384912,1.6333333333333333,battery
44.23184422998499,17.595715603584594,4.922957374333718,107.53150189341422,6.3,hydrogen
44.586322334388086,27.266672991436504,2.6303368342952678,183.23965200789482,3.35,hydrogen
35.94485142059236,20.38163570272436,4.310075688425212,120.11273684979722,5.0,battery
31.082890990323612,19.58363755259462,4.058111178618871,192.36964372941014,4.116666666666666,battery
24.285828488589832,10.512841316128714,3.294115805822293,219.61330598650437,2.9,battery
39.41385059120846,16.824956552523126,4.824188574447732,84.203640746115,6.1,battery
35.54193517661638,17.60391237571714,1.8018980621136111,205.63122121073047,2.35,hydrogen
19.87850818034674,17.976455617938008,1.4370568412384856,167.16827470381213,1.9,hydrogen
42.32781553481527,21.603447384546648,4.415847867821689,216.27356668307496,5.566666666666666,hydrogen
39.67611728769507,20.67205093453757,2.756599266534993,145.10133245369985,3.5,hydrogen
43.49399739875772,22.158101855868892,4.387875416828242,198.63431027999232,5.533333333333333,hydrogen
36.7715852516508,25.297665230842565,4.572360820781659,88.7351696037588,5.133333333333334,battery
33.402455878073695,26.25971477432187,1.2498303744762858,126.9390670109614,1.6666666666666667,hydrogen
27.547291088718566,24.362461524529888,4.533859051944242,89.3823152851694,3.4833333333333334,battery
42.9818545006204,29.110473919098695,2.7932762214776887,216.54803868706986,3.55,hydrogen
40.98191668501225,10.364651653527233,3.041729956016929,194.37634701805715,5.433333333333334,hydrogen
16.356560103185682,13.915559713670921,3.506370044372841,199.35663897443587,1.4666666666666666,battery
15.79100923491756,10.151257499562842,4.7055304269203475,211.3151324007452,1.3666666666666667,battery
26.293901006341486,22.949494283092058,1.0764643777190561,91.91448805676995,1.45,hydrogen
39.31659992345499,27.96061097899974,2.9073738732712684,133.98366295186668,3.683333333333333,hydrogen
44.618283879448335,14.869645931525985,3.7508881697222427,89.9448844661603,4.766666666666667,hydrogen
19.512506733105845,28.540690895926133,3.890827830792914,109.51103421700401,2.033333333333333,battery
32.82392146056405,11.205347805791217,3.770129726148432,112.11120878527413,4.433333333333334,battery
26.426725698930646,28.688720536110285,1.5377405176324874,145.67500954666102,2.0166666666666666,hydrogen
44.09743193443809,17.03245374479269,2.197582353486725,117.59870344350996,2.816666666666667,hydrogen
40.263567694071256,12.02841656898433,2.434862101668054,94.13693495448655,3.8,hydrogen
40.149861141334135,19.717435183726515,4.21774883071802,103.44875247317508,5.283333333333333,hydrogen
29.06079479384911,15.135531354410158,2.115039489658212,100.61857889729274,2.716666666666667,hydrogen
27.444585070129953,15.697458039238457,1.8428198554688127,216.23075170772177,2.4,hydrogen
23.20221215792119,16.14579929852573,4.829792076152385,186.3009509685863,2.7,battery
16.691264899527813,26.060517956653268,1.0354531404538756,215.48660513773868,1.4,hydrogen
40.9416712876516,20.78322553350509,4.991283422727912,141.5636681111072,6.4,hydrogen
39.387030273902326,16.22615398312007,3.7072851954295825,118.97158743277193,4.666666666666667,hydrogen
44.991530198583916,22.206675666218366,4.313877197796469,191.76104760928615,5.416666666666667,hydrogen
44.89910511221716,24.32301348446387,2.1784775853847727,125.67554852576055,2.8,hydrogen
31.662951168078823,15.452480014670675,1.05726111066824,121.91367231874875,1.4333333333333333,hydrogen
38.06962245541531,18.270982030507028,3.95147807424612,112.55083890909637,4.966666666666667,hydrogen
43.34297189647284,12.43772186673895,4.336578388002703,98.15505695139295,6.483333333333333,hydrogen
40.48942172032234,13.622986990693606,3.9619045278140765,115.90482854234723,5.45,hydrogen
22.42044305229593,23.622357079299654,1.5714011492033544,129.74476478634426,2.066666666666667,hydrogen
28.516324059302804,13.628766953912539,4.013711689027876,174.35918914040226,3.65,battery
18.87478245454485,20.503267673341202,4.075691128430564,88.75907791072322,1.9166666666666667,battery
43.621530817761666,24.180925234448654,3.6341620626802196,109.47097155314802,4.583333333333333,hydrogen
33.1852390335264,12.137538461894877,4.064463731182345,193.26330964083468,4.5,battery
21.85928416510388,21.346244392578072,4.383685758710929,100.56906930172791,2.45,battery
35.15102053217571,15.131255674027276,3.4544164569498337,127.97032051315301,4.366666666666666,hydrogen
33.543847213736875,29.258537504751597,1.3544188558787162,201.05224906013962,1.8,hydrogen
25.744881540985215,19.670912934398494,2.9505112386688435,101.68954356008197,3.15,battery
18.40672776598887,26.119850995503164,1.3105973386864203,91.58315698654658,1.75,hydrogen
35.14719586778399,21.004530843125234,2.6301721241297233,147.83531931120152,3.35,hydrogen
30.6092310271138,10.868250657096382,2.6284259565025105,122.3387315789951,4.033333333333333,battery
38.16955175206918,22.663027511880447,1.2640393765609663,158.87717102773956,1.6833333333333333,hydrogen
30.604905033359803,29.02806684413314,2.3952821358779173,192.5326846676865,3.066666666666667,hydrogen
40.5654450095562,22.032236402926625,1.4439923951652593,99.20078834138404,1.9,hydrogen
31.557205163234567,26.383777188535802,4.232940840036889,161.2978718375999,4.2,battery
31.828139146061588,27.684129266968156,4.7907521038578835,150.77122645458095,4.25,battery
41.29960807975035,14.56159543897865,1.2892659010317544,100.17103004184794,1.75,hydrogen
27.104485986371913,14.240896798164533,4.820460829166805,167.35978797405755,3.4,battery
19.02045685351922,22.219619777019837,3.0903063973469806,118.30965850050802,1.95,battery
15.863480289400169,18.220569396134096,2.1982627118154956,148.29680459616173,1.3833333333333333,battery
37.65411767020857,26.797226057334406,1.307448301104654,91.51812539878867,1.7333333333333334,hydrogen
33.60928654060394,28.000462467960222,3.0024970722816713,144.34176800990724,3.8,hydrogen
36.12239304297671,17.068427586054362,4.178062177962994,122.90488552599484,5.016666666666667,battery
21.388924845267322,14.73741117948964,3.8283459090667926,195.1333695659496,2.3666666666666667,battery
19.09114426760309,25.610510304877238,1.200904045855895,87.97702177963156,1.6,hydrogen
15.436339970036459,15.496120710962721,1.291607341471614,138.6050184885662,1.3,battery
25.51762676419791,26.45228637027357,2.6114931305305484,144.18039937840132,3.1166666666666667,battery
32.69753060563899,18.474765072975256,2.181161976191773,181.5008506818766,2.8,hydrogen
26.76732135299197,23.35099798582941,1.9295372922241913,160.40026051262953,2.5,hydrogen
28.124247660711873,11.910706276693364,2.1240179956348544,173.40972720718534,3.35,hydrogen
42.12476083481245,22.477186493531462,4.213930973187539,188.78689999124586,5.283333333333333,hydrogen
25.44766401069901,19.035353574744583,4.716912214527415,200.70841631214643,3.1,battery
30.419684674794325,21.732169263509483,2.6204107781102657,123.94256954114587,3.3333333333333335,hydrogen
38.50959038223429,13.360284154897268,4.624444008529988,155.3231787509464,5.65,battery
26.896283469638107,24.73747489888364,2.285982804991528,197.615130981488,2.933333333333333,hydrogen
33.662601006836205,27.25594155086457,2.9057479453751665,218.5231583351079,3.683333333333333,hydrogen
40.87091126240236,14.334796001815512,1.9041159912639989,204.53270354612684,2.566666666666667,hydrogen
43.485618709729266,11.914291110403234,3.561904168703376,132.00541676741275,5.566666666666666,hydrogen
19.41220442787114,10.472771720926728,4.915924460699236,107.32331241061107,2.0166666666666666,battery
42.79762875484484,22.83943000886532,3.4139723841735146,148.51495523692242,4.316666666666666,hydrogen
29.763488792386145,22.141880721775614,2.4312563364541955,183.8298032570459,3.1166666666666667,hydrogen
22.74733164896875,20.9339482542814,3.5912697839621135,148.95966990546168,2.6166666666666667,battery
28.77407268714784,14.638941922319509,1.4916827138615503,147.64532086391358,2.0,hydrogen
44.40097725856431,17.81811991811029,4.5546363210615946,197.3522589514521,5.766666666666667,hydrogen
29.77854281978609,21.88952670372346,3.0123358031193455,130.59652906940607,3.816666666666667,hydrogen
24.862548308625247,19.93533717718339,2.7973989681585683,200.3712544736304,3.0,battery
34.00202562950177,29.755710404297744,3.3434591538140768,136.9526721332413,4.216666666666667,hydrogen
22.204368563345792,12.728795051134663,3.49913545115761,125.95263479496751,2.5166666666666666,battery
17.275899843259918,23.902891080951875,1.2871032249060521,143.55858756795786,1.6333333333333333,battery
18.866391657319475,18.086375362085843,3.7304688848936096,186.74257421448158,1.9166666666666667,battery
18.841375168733173,18.563992298512296,1.9677267212621183,97.6402839009592,1.9166666666666667,battery
19.55708080536883,24.351955313163526,3.855810530026359,107.49869022208243,2.05,battery
19.164815179482304,23.84872302648739,4.290139177536787,213.20227559283288,1.9666666666666666,battery
34.226242344096434,29.825119874043764,4.215834030210081,104.56882783339003,4.683333333333334,battery
20.456402531974344,12.567885789082505,3.2100038696315565,159.48182451034762,2.2,battery
25.370018499715897,12.082192987683326,3.0806795692430047,161.1040253326713,3.0833333333333335,battery
41.90365229718036,24.48677634257482,1.5715038453576469,148.54742468703427,2.066666666666667,hydrogen
29.218849207886173,21.56773834012818,4.101384601612542,170.2643348007546,3.783333333333333,battery
35.02673215563081,15.483213331196117,2.0856375217868575,112.17574161166658,2.683333333333333,hydrogen
20.169596136048895,11.588387379779732,2.986781691271786,157.37271748874474,2.15,battery
20.768670564260123,11.713164991928611,2.137096371710067,132.10425573456558,2.2666666666666666,battery
16.226058487994365,27.883817493282365,1.5353134519987726,172.63341634808648,1.45,battery
20.068051892164938,13.837346494374858,3.5182307875669463,99.77129607224093,2.1333333333333333,battery
23.35771017095876,16.467431242310415,1.2173281392916153,159.92283835752667,1.6333333333333333,hydrogen
20.310314528302406,14.53312804453976,3.9945809365048,105.93784975366532,2.183333333333333,battery
17.661076012711668,17.09992611663875,2.2703471810444666,119.01002883610509,1.7,battery
18.619076133018023,11.388476854921867,1.0005387720179413,110.61937204530165,1.6833333333333333,hydrogen
28.823363040981775,20.38119581816541,3.044516556948919,105.5972891816344,3.716666666666667,battery
21.190011552173775,11.352251271844299,1.1874076341104125,195.59953321849338,2.0,hydrogen
25.928095831442263,26.007130156447232,2.104678231283598,119.99905947252465,2.716666666666667,hydrogen
30.10251812564571,14.67424163820866,3.8279059498228647,209.7973294610229,3.933333333333333,battery
35.71184485888096,20.800238292090214,1.2507584864874635,215.78971354832672,1.6666666666666667,hydrogen
16.179364195232967,27.601581751229165,4.357353969424009,159.97646579119362,1.4333333333333333,battery
38.98231196727128,23.01754738094388,1.0152796906343324,100.0201571732017,1.3833333333333333,hydrogen
33.83701168472723,20.659155731026708,1.987295476807609,132.43675407314137,2.566666666666667,hydrogen
17.452770958466157,16.486675062307512,3.9636162246082858,191.68251686874996,1.6666666666666667,battery
41.20735872320331,16.660038261163958,2.265080598917227,131.43470201758987,2.9,hydrogen
42.626172015954396,23.3897391039638,1.4075695522640541,92.18241056239043,1.8666666666666667,hydrogen
16.832338795645914,29.88278722442335,2.4409356752017115,157.9498875299463,1.55,battery
23.30632944441611,23.236783796987574,2.081573145538102,198.31691920944485,2.683333333333333,hydrogen
39.18603839379184,21.1556683474005,4.37084760864222,191.42969420009035,5.5,hydrogen
37.447790711509754,24.61301020478492,2.2533916703405725,104.51723961824945,2.9,hydrogen
20.53563058069132,19.30411224567436,4.1557298871040285,174.18704601774533,2.216666666666667,battery
21.28047970010131,11.202846852015703,4.567488579242939,110.8705968809906,2.35,battery
26.11416308374146,21.245936317558197,2.735269678306118,110.54905483730411,3.216666666666667,battery
29.53568955573064,29.152505690107603,4.6397725754175685,202.3700482627259,3.8333333333333335,battery
33.54764314590888,13.506058847153193,2.5092722158527714,114.95365338363223,3.5166666666666666,hydrogen
26.067409187093173,23.800097816413313,4.856313665960433,116.85462851252157,3.216666666666667,battery
28.876041483994435,14.01867377318113,1.3571580981022917,80.09147470658193,1.9,hydrogen
37.4241281440127,20.716553689461627,3.748077066012971,201.89366477757247,4.716666666666667,hydrogen
16.100496086717936,11.933528992934392,2.9752561618277147,190.96327384927886,1.4166666666666667,battery
22.573108330320622,19.007418725163703,2.5505952218225882,167.82605091269494,2.5833333333333335,battery
36.40048757653658,25.12326657790492,3.5308475149944036,185.0372069514379,4.45,hydrogen
41.856205130615976,16.951430484779642,3.8154283665373248,101.28679943942885,4.8,hydrogen
30.35032326346998,23.29823448974436,1.0174530786012363,144.16530324226056,1.3833333333333333,hydrogen
30.96340455795947,25.908999215794584,1.6678123549887949,129.17071422882933,2.183333333333333,hydrogen
18.215160340193282,28.543556389589053,3.852184202537275,93.12871367598231,1.8,battery
28.42237100470364,14.69284163710907,3.665541654312826,148.05826793008936,3.6333333333333333,battery
30.978517993650694,17.986318316186164,4.864190020514709,208.90355104796896,4.1,battery
22.27411510904189,13.048320266608348,4.044151161003132,85.60827666709723,2.533333333333333,battery
23.07729692848143,29.849670043167503,4.803090830925353,120.80452788913115,2.683333333333333,battery
26.31852489313868,28.540019358485907,3.810162006139228,109.05573106879848,3.2666666666666666,battery
15.602135933331791,20.79914260561119,2.1922088345577726,113.34053151319748,1.3333333333333333,battery
24.66237496749535,26.840665887528424,1.421459689003426,207.18083726311255,1.8833333333333333,hydrogen
21.34344020989634,20.41915954544084,4.127295453379743,145.52966759280062,2.3666666666666667,battery
24.82492056533744,22.471713760055195,3.5765968859036636,145.28191781157463,2.9833333333333334,battery
18.59286395457754,11.782488642320333,1.192744049573185,186.48058994373952,1.8666666666666667,battery
41.71581842219685,25.10540840993616,2.4402018636039133,101.62890856068961,3.1166666666666667,hydrogen
32.80777360662146,12.554269672704697,4.827199261937144,148.21714957400712,4.433333333333334,battery
35.37306957433469,26.521352605050566,3.001604582840805,140.19792997694836,3.8,hydrogen
38.67513715822015,25.640561753407717,2.7309165440788186,163.56749667653185,3.4833333333333334,hydrogen
29.95326596787172,24.174893954859527,2.830798420637176,219.9380784550614,3.6,hydrogen
17.60760864262271,10.723207610495242,1.835530896020655,187.7228451714866,1.6833333333333333,battery
31.113196254556435,16.06256711890657,2.474828683459181,135.7011984224398,3.1666666666666665,hydrogen
32.60523354062637,15.262251398216858,2.4792530239487065,195.85742731836658,3.1666666666666665,hydrogen
37.3631842255299,17.20272814943038,1.2094200807498896,103.89917086374723,1.6166666666666667,hydrogen
27.94978638689038,11.75285493527677,4.070270514071673,84.26491608325442,3.55,battery
18.82740908386691,28.739156460621256,2.666017727615516,108.62277214499822,1.9166666666666667,battery
23.513277173961733,21.076044814247524,4.288719547265693,127.65761785599635,2.75,battery
25.892468891959055,16.11048621316047,4.401392004479582,151.4813060443384,3.183333333333333,battery
34.377517239948034,17.939630341485667,1.8479762187946323,166.11807967576797,2.4,hydrogen
32.12334914006736,18.944050810096712,3.6294139286805143,207.48480041001903,4.3,battery
25.68290177693539,22.011886667212345,2.889127216651927,151.37956133706408,3.15,battery
44.59545746378939,20.313588553929954,4.520626951685941,150.17859024760213,5.716666666666667,hydrogen
33.173244580706616,28.387839464288348,1.8629627167058165,87.03402137521749,2.4166666666666665,hydrogen
22.116803752079832,19.939269658116604,3.711252801240177,84.88761737187133,2.5,battery
18.053474178612113,29.84316029646625,3.4310084890108903,157.1623946682921,1.7666666666666666,battery
19.585774175529963,27.028499154901915,2.181205910287331,141.34500585476823,2.05,battery
22.378731851535242,14.170210287146716,1.5464036146046904,197.4852552972418,2.1333333333333333,hydrogen
19.82044119778667,28.611904292878325,3.6065590419091063,102.49514185965833,2.0833333333333335,battery
20.59701072153917,12.327327957709521,3.9543898325293227,83.49603269638695,2.2333333333333334,battery
23.55285506081541,26.348994169823833,2.2625093750534,142.86542751021761,2.7666666666666666,battery
20.201207858842643,17.6124658695316,3.579330416089255,113.24699794531605,2.15,battery
41.90296273879275,27.55948640890139,2.580523630446013,86.94601226743724,3.3,hydrogen
17.407012369849266,27.361133802149006,3.852827533130471,181.44376015866806,1.65,battery
30.735341687107642,26.118508002352424,1.7968610995762124,95.62301999401464,2.3333333333333335,hydrogen
27.311904809689846,25.800608726141228,4.5608600105446975,165.16473000108803,3.433333333333333,battery
44.47135850725819,16.093582781960816,2.149638385862319,119.34696502336448,2.7666666666666666,hydrogen
18.36116706504157,11.618385661025044,2.4711439510246116,104.28944704970309,1.8333333333333333,battery
26.935667971372247,18.05960357530323,1.2323678083213991,133.16521320870444,1.65,hydrogen
44.08411299826106,13.470490299730173,1.4460488492851056,192.2024086712135,2.0833333333333335,hydrogen
40.96521377681941,23.899021778049235,3.0634476108493125,134.89310076664017,3.8833333333333333,hydrogen
39.512162128478394,16.92199453075571,2.070370706911886,185.1077508895478,2.6666666666666665,hydrogen
22.737084811348197,29.512204017198297,4.341920902968777,97.5680815518811,2.6166666666666667,battery
20.126627621701974,22.81944154690664,1.0587735546198154,188.18799875311106,1.4333333333333333,hydrogen
35.05929659773293,26.449611272687218,2.5163761946877448,113.1706654869308,3.216666666666667,hydrogen
42.88127967382758,12.650493454836969,2.3493821870763707,174.8350381844422,3.5,hydrogen
31.702886790417892,27.24028964545245,1.0773105236704041,159.2094176777395,1.45,hydrogen
32.14838068409699,28.455143810267888,1.4974735960020409,210.08026040963622,1.9666666666666666,hydrogen
23.399372809808526,19.741238376378718,2.654570699674541,134.22515251654397,2.7333333333333334,battery
38.084787995758106,22.12505875501955,2.9714583377897865,89.26312643682166,3.7666666666666666,hydrogen
20.6113124567257,25.29619601805991,2.6171589890194764,82.68176797717541,2.2333333333333334,battery
24.71037709212731,13.496772545208252,3.1237507136483753,195.76019853618544,2.966666666666667,battery
27.763093158492502,20.051321529268847,3.380526699622726,153.4629892726005,3.5166666666666666,battery
30.228311360533652,17.973260555446263,1.0396952845113425,188.53416725689289,1.4166666666666667,hydrogen
22.272291972452408,12.927479843244981,2.8563806378140155,112.81958400161206,2.533333333333333,battery
18.445104742176106,17.350688445830627,4.853996963550353,128.31172437185273,1.85,battery
33.31860127324897,11.363446187709872,3.076129120518195,84.21454210958466,4.516666666666667,battery
23.65891659720767,10.51623813898974,3.7101690698358127,214.6089254403757,2.783333333333333,battery
32.43714664267837,12.703325783096455,2.247455431667533,173.5015069381139,3.35,hydrogen
19.63088145822607,29.262302231783476,4.09596551261105,210.64871228630287,2.05,battery
29.434203055644524,20.99059071790034,4.091685927504461,117.16949704007013,3.816666666666667,battery
30.977682976547577,29.3164432230644,3.085184190616556,165.60490557159252,3.9166666666666665,hydrogen
16.554706104672807,18.649957566602637,4.904055293116855,174.9899955609693,1.5,battery
25.098128345817617,16.23632266170519,1.5022008590506135,124.45695803606239,1.9833333333333334,hydrogen
19.032440308169228,20.122837256804882,1.067790659558324,198.7352929021882,1.45,hydrogen
16.90124911418303,18.790233772658205,4.080632847028384,212.6026048060347,1.5666666666666667,battery
44.69880697169836,12.11329368523488,4.228622149459531,203.8797164774406,6.483333333333333,hydrogen
24.67061534924169,22.816526293804124,1.480828916482305,183.46937663151215,1.95,hydrogen
39.29623337563905,14.320763650191992,2.0623313318344243,118.84505516149356,2.7666666666666666,hydrogen
22.639219642912916,22.39175909795659,1.0702094534665156,119.42624589478845,1.45,hydrogen
35.44508166671788,23.004021847963067,2.1732344431222588,214.8704448624453,2.8,hydrogen
37.80683579669059,13.040497062572962,4.092567495674686,81.43982943099688,5.333333333333333,battery
32.86916221823533,11.226992542213363,3.0718421108503158,180.24699625390022,4.433333333333334,battery
29.14728565650475,25.615231721368797,2.3923823726731523,178.8744627577367,3.066666666666667,hydrogen
27.355227424418054,19.196008475386403,2.486957179625321,167.17653573297164,3.183333333333333,hydrogen
25.46604799628986,11.163275910109515,1.0054145028618726,218.6152384521612,1.7166666666666666,hydrogen
42.88587432743478,29.897326343395342,2.1992021102609436,123.66312100692153,2.8333333333333335,hydrogen
39.918582233631874,11.155611219927334,3.585834966551722,127.59606093105475,5.966666666666667,hydrogen
43.95080731999538,23.900704577171062,4.896777775265429,91.05151641251777,6.266666666666667,hydrogen
18.72891670456634,29.67357850526827,4.388243307935598,141.99173911612326,1.9,battery
36.92602425610933,14.783602084318513,1.0943798585821165,116.54679367287874,1.5,hydrogen
43.150213704631135,12.844987373743923,4.594242418699357,128.0741383048702,6.683333333333334,hydrogen
20.436991984969804,12.427698788448577,4.132793653194504,196.84005063578786,2.2,battery
16.994888021003327,16.06550295135191,4.121504494283922,210.9678318938494,1.5833333333333333,battery
37.23361947870177,12.020916220212934,2.831983036014286,106.002630080726,4.4,hydrogen
32.234193395397355,23.84322683388264,2.5920211718180113,132.15125041748522,3.3,hydrogen
40.25486330274816,11.245835962601253,2.2116629153327705,210.00827869615517,3.683333333333333,hydrogen
19.193171298788684,20.188442562995796,1.262779435817463,88.65318449649116,1.6833333333333333,hydrogen
38.858019355796706,29.933937077059536,1.9129414539747964,92.930473935593,2.4833333333333334,hydrogen
21.048819601432335,26.279405390120377,1.9864145399120985,102.79073848887211,2.316666666666667,battery
19.909678285971136,22.304388764620217,2.9363082788408064,163.32979677776245,2.1,battery
19.92797393792979,16.125072415732234,3.989777626386776,101.06611794083965,2.1166666666666667,battery
39.43724160694146,22.47791672583277,2.8952393135917864,215.5306934031027,3.683333333333333,hydrogen
34.955916620886,20.540829278233034,1.2313777977886424,142.54003381619285,1.65,hydrogen
30.69196274307358,18.52166767780743,4.831159203952815,150.21251444902327,4.05,battery
25.764914523705073,12.61420753480399,4.770897276376449,114.5322062127569,3.1666666666666665,battery
41.31601622439325,27.732084304809334,4.1407581725936335,145.9344353408627,5.2,hydrogen
26.773353222679063,18.99569297642645,4.965311606256883,172.66790856918163,3.3333333333333335,battery
39.497983184147316,13.892450236415302,3.1779293312010517,185.164799173566,4.316666666666666,hydrogen
28.17404725710655,17.35518701754579,4.851073401012824,185.54153157938782,3.6,battery
26.308332882747226,18.282595050578543,1.302420162467003,160.90475577717237,1.7333333333333334,hydrogen
28.880393570088195,26.550757911337485,2.4627229930454853,206.61036849914,3.15,hydrogen
24.04133622492426,24.672287611228043,1.9015250720270633,194.43709862285533,2.466666666666667,hydrogen
37.428281405287535,25.386097872826795,1.7833323365370801,185.98673605780755,2.316666666666667,hydrogen
30.081611702774374,10.220625288572943,1.5632117955707043,87.7847730352645,2.85,hydrogen
21.96638085440452,18.32307996359523,3.4896545662639866,80.96291471075091,2.4833333333333334,battery
41.987237198237054,19.626883032706473,4.125287422989221,109.74261880736621,5.183333333333334,hydrogen
26.516736641196342,10.383845536461134,3.3131935976814426,172.89330314788333,3.3,battery
31.306585833419657,15.196264174900683,1.5878508383528387,137.5676484435564,2.0833333333333335,hydrogen
42.19416332893641,25.2057964624427,4.244495079733884,136.33687630190366,5.316666666666666,hydrogen
33.72713987741976,12.74219411457998,3.543818828654914,203.84216435214591,4.6,battery
18.506941221250923,20.706202629051834,2.552662824507982,205.37879873845742,1.85,battery
43.19496370840425,14.30403744034475,3.696521182144252,207.284536967502,4.866666666666666,hydrogen
33.83124159214253,10.242415492877866,2.0396199169713314,123.94293071210382,3.7,hydrogen
25.047168439712586,14.82402915199083,2.380768833976842,176.74781378349664,3.033333333333333,battery
19.17816217990162,29.517475098201075,4.66994337252796,118.02864537841175,1.9666666666666666,battery
38.82075567810888,26.03074223765979,2.1620180226856816,106.68537663042297,2.783333333333333,hydrogen
33.60218267785541,29.191532886420667,2.8799530726317464,105.8485440286317,3.65,hydrogen
31.003832759289647,19.757080878527248,4.5605645495840585,127.89506692090316,4.1,battery
41.816777491528725,12.19472397355007,3.83088540107011,140.19406676917504,5.85,hydrogen
38.65791633673592,20.95918977947386,1.248812904658811,196.33288394770958,1.6666666666666667,hydrogen
19.550246391982533,19.08754669119922,1.5892121771158814,96.78475308617969,2.033333333333333,battery
24.351662033866447,26.88714165479232,1.0313663630876673,182.8896186352852,1.4,hydrogen
22.45467419443397,11.961651615684891,3.5236871609166536,154.40368798650275,2.566666666666667,battery
37.31838877718031,19.764822740435562,2.7906937016416733,120.31234797463895,3.55,hydrogen
16.005973042073382,13.000973293879685,1.5370994036091021,148.99474183459546,1.4,battery
32.0966905461395,16.4935185378012,4.831736484227082,121.99188976878317,4.3,battery
37.87376057222072,24.747141547755994,3.1186388957824795,163.45147373336283,3.95,hydrogen
41.30296910285249,19.52036258737533,1.9675731764515567,140.73814919973418,2.55,hydrogen
25.262452461477224,17.517765702915387,3.00241428461883,103.01677407104302,3.066666666666667,battery
39.637719140160385,17.889525571400707,3.718481330940431,96.32163043779754,4.683333333333334,hydrogen
18.318952108656216,19.188935368119733,1.304956871894258,156.53739549009822,1.7333333333333334,hydrogen
40.39356875203555,25.700330876741138,2.098815260191568,206.33782466005448,2.7,hydrogen
18.824659869959472,27.84169377880469,4.227861963535974,128.15407611807598,1.9166666666666667,battery
26.918618716811018,29.106693730078565,2.838659481610645,182.62001501116725,3.3666666666666667,battery
38.91886097338661,25.7380677251059,3.1863085681291796,172.21258969156736,4.033333333333333,hydrogen
19.497522820463214,16.308137914960255,2.731264008837877,210.41768800332733,2.033333333333333,battery
21.877541856979246,23.762694121730842,1.1755997705720205,194.93734242187972,1.5833333333333333,hydrogen
36.66757705179199,18.75206248110784,1.6629991192806237,159.32473624676481,2.1666666666666665,hydrogen
36.601096096382236,15.093412440921023,2.7821665549675636,171.98426975277502,3.533333333333333,hydrogen
34.23442898655892,26.817431588518453,1.8367418616317113,205.77410532176486,2.3833333333333333,hydrogen
35.818453334013,10.7685269792465,1.199916114638715,135.93262984217085,2.1,hydrogen
31.281733300427884,28.03523984270847,4.374598656207295,125.75125882008882,4.15,battery
22.553971767208584,19.22954929249468,4.924770116656463,81.5135517089275,2.5833333333333335,battery
25.370879805117582,22.74402953616561,4.172571495986958,195.71715038680497,3.0833333333333335,battery
20.44793150404277,23.187078444115656,4.415139686818668,192.13729805647108,2.2,battery
42.25351684000885,27.902354814130728,1.9679085212681815,94.6236325340212,2.55,hydrogen
32.50175384298362,22.733393643344147,4.842507902052799,160.76003335857803,4.366666666666666,battery
27.025542502909197,22.278671695201236,1.7877028178137135,144.95743774336424,2.316666666666667,hydrogen
28.860174109323978,11.333040811213799,4.8057192414473295,96.6192733712756,3.716666666666667,battery
43.41850018835446,20.36816043890408,4.979277175863804,217.2795517885013,6.383333333333334,hydrogen
19.600542093482407,13.003380016340833,3.846891222984195,110.05742424486976,2.05,battery
32.58689496050391,24.748675374429713,4.924574927167288,89.41278521267856,4.383333333333334,battery
30.17666036653398,20.244438416253487,3.2781591182684147,163.27863313026734,3.95,battery
33.343627063039435,23.604555584167066,2.0381671327043613,183.44133479862455,2.6333333333333333,hydrogen
15.543305514625215,10.833458012047686,2.7479835426624835,84.54208244660617,1.3166666666666667,battery
41.16371726832455,11.695840320916064,3.374243741515144,172.2204694217831,5.366666666666666,hydrogen
42.96354847450837,24.326467761253646,1.29232624810806,154.52086263320362,1.7166666666666666,hydrogen
31.953995507676268,11.441686719973468,3.4893730584689844,94.45710124250678,4.266666666666667,battery
35.89952471630677,11.425134555305172,4.924711347049178,104.15334277249069,4.983333333333333,battery
42.67498143531887,10.242169504697749,1.7604305991349105,159.51640162425127,3.2,hydrogen
36.217159029401955,29.1300279659896,4.170380465153533,121.49006589186038,5.033333333333333,battery
19.57617128742784,24.75016718918014,4.631595175118477,211.36420201118426,2.05,battery
32.288650805004394,17.065028170041284,4.774806371280883,194.6236321277671,4.333333333333333,battery
33.201451391485676,15.930711625753105,4.840542417621789,217.69940891191283,4.5,battery
27.72392013907158,16.994064594916992,3.0858385548858878,116.35391745305796,3.5166666666666666,battery
37.09332706874169,25.493070623623638,4.909231631966015,215.76130859171678,5.2,battery
43.03101044307044,23.227412221408287,4.0292408285377554,140.3727417708181,5.066666666666666,hydrogen
42.767055387203285,13.703911357349359,1.6466857449478476,128.65263134392563,2.316666666666667,hydrogen
28.525181142123962,13.482186706681688,2.90760042587188,87.04893377570946,3.65,battery
18.39714137522266,11.967912994267946,3.873324701488016,87.38713610034436,1.8333333333333333,battery
44.54523596887004,23.206054394026765,1.9893612632763333,176.88157583253167,2.566666666666667,hydrogen
40.166942593378025,25.28745324443472,3.5624607341955494,144.1100592207639,4.483333333333333,hydrogen
18.739880436098005,15.30092856650008,3.666401916186477,111.7130276450548,1.9,battery
42.625256478521166,10.418899220618256,1.6507989752342636,165.95584288553258,2.95,hydrogen
41.09689086186385,11.643433349528546,3.260341249811025,115.40013655501556,5.216666666666667,hydrogen
30.56514171378216,29.35720069690061,4.08650764391443,160.86844560821916,4.016666666666667,battery
32.73826307234788,15.908895549548404,2.9955826581437677,130.28922457757665,3.8,hydrogen
26.970081116103906,25.384462956762672,1.0484124671044297,195.29731172565465,1.4166666666666667,hydrogen
16.64284916466094,22.493271377085275,1.0361538763171687,194.8974625073491,1.4,hydrogen
25.05591724937703,17.638792793057917,2.4281173758800487,146.82905573713617,3.033333333333333,battery
39.085603457940344,14.113745243911103,4.704776273727128,129.1146753069022,5.933333333333334,battery
15.138960690138086,12.427728363188129,1.914707118414435,130.75837151827324,1.25,battery
25.004975150734325,22.300259360777332,3.5374547554867486,192.8000335935505,3.0166666666666666,battery
26.9450608077283,25.49267561275576,1.8883034827732823,125.94512759166568,2.45,hydrogen
31.121868088137685,22.878085070822614,2.2866799586381945,109.26831231895844,2.933333333333333,hydrogen
42.59566849238281,20.606042664983164,4.392168358405936,91.85636786254295,5.533333333333333,hydrogen
25.390379830978837,10.839024468632726,3.9154457690797875,145.33703692381718,3.1,battery
25.40859605688683,29.369775551887678,1.3815971092528425,147.49849384877785,1.8333333333333333,hydrogen
37.125037443292456,25.97428383309149,2.7148080839457345,197.727219456407,3.45,hydrogen
28.566538226694213,15.856440734019294,1.1166790545810579,110.97341750244895,1.5,hydrogen
21.73814468819946,29.599406587177015,2.923560586412036,133.33877831357597,2.433333333333333,battery
28.5731854839808,22.037631792726444,3.6497360468042723,193.17680344511672,3.6666666666666665,battery
19.225710611393996,21.64845316414493,1.4740104943926062,195.3073055048563,1.9333333333333333,hydrogen
20.2916095951867,24.961463588590643,2.1555397556366627,133.84555063702754,2.1666666666666665,battery
29.951033182184393,26.23539576180275,2.5913465020086277,144.27736326013533,3.3,hydrogen
27.56776348513644,23.129572146630053,4.678124098624199,122.4600247188996,3.4833333333333334,battery
42.445377032043,12.561914927324,4.973020061691856,210.5576829787037,7.35,hydrogen
25.871816973498994,16.765350119889966,1.1796451959824634,96.61012720382124,1.5833333333333333,hydrogen
32.4176505083413,28.561672806520995,4.044031693981568,210.7249192202058,4.35,battery
33.96792863758591,14.492312236877039,2.486896265609373,175.74130325694807,3.283333333333333,hydrogen
15.392833697650008,17.443340476750265,2.56983274491792,154.42010137614238,1.3,battery
34.906121160501314,18.64153765888392,4.01705989338809,84.57226850982943,4.8,battery
20.341079006092542,18.788099793889046,4.673705728581634,146.58346685508116,2.183333333333333,battery
43.832109524083656,22.25879164989051,4.803714378010193,137.0847347003825,6.133333333333334,hydrogen
19.45988183259339,28.86151675489415,3.308490344153283,102.57063367651716,2.0166666666666666,battery
27.43872371181071,14.8138542366501,2.4284846372020112,171.89734449009197,3.1333333333333333,hydrogen
17.560490042359316,12.43002752601836,4.150196343435117,215.96112703156,1.6833333333333333,battery
44.90622755537842,13.949409797198747,2.004005533049201,158.70643354903353,2.75,hydrogen
30.065850309937275,27.73849800418539,3.256296115334071,180.0654587021524,3.933333333333333,battery
32.86155051960131,22.91621625310412,2.4343138460994926,89.58306335924235,3.1166666666666667,hydrogen
17.012294321652824,15.718135784783202,3.6265242948315044,138.47337941437928,1.5833333333333333,battery
37.498814111975335,26.318938779372345,1.9615956515740276,96.29018792302942,2.533333333333333,hydrogen
21.297167792867572,27.22739992726872,1.766371782939303,165.79141697511147,2.3,hydrogen
41.94162868322141,26.930286773805562,4.672956346701748,211.38750214998166,5.95,hydrogen
21.154189214460217,28.37853067279109,1.4072147317981476,172.6488825460294,1.8666666666666667,hydrogen
20.720631619909998,15.04482040346723,3.0238316309397266,90.75242676401902,2.25,battery
16.096490035442848,25.100838574925568,1.8834111318520357,129.65326869791159,1.4166666666666667,battery
29.162008353299978,19.2107899454828,1.1557198533026698,157.0928731217192,1.55,hydrogen
31.945233997878493,26.83997105780123,1.1440752731657056,136.4490858586553,1.5333333333333334,hydrogen
16.97125918285057,24.569813543232264,1.7008870884233094,196.71016146652414,1.5833333333333333,battery
38.26582850085032,25.528948929994492,4.4670814180240015,194.0539406593985,5.533333333333333,battery
28.598665042440828,23.12323675362143,2.1299149759081066,165.656342814451,2.75,hydrogen
30.7317080798274,13.548575389394138,4.801836682301182,132.28411231857874,4.05,battery
28.222882408146845,20.900538377938766,3.326489171956774,115.74709232685419,3.6,battery
27.02289182625978,29.693394790490164,2.7464567590750644,94.8224045498381,3.3833333333333333,battery
31.789209939246536,28.747761329942378,3.3203553386778184,129.68567568811756,4.2,hydrogen
19.657207377921374,10.863474715940233,3.066793540905071,137.84415240908072,2.066666666666667,battery
20.457843914858135,13.296296314588743,4.0351050150293,174.61520951457032,2.2,battery
40.85356863040552,12.634575469091239,2.129984263891409,172.14237540166027,3.2,hydrogen
43.38346386400898,24.51959819970591,2.4122015664012095,89.81513954977598,3.0833333333333335,hydrogen
26.199279488392587,26.3557065971389,4.576377210133003,135.3363041603621,3.2333333333333334,battery
23.122340194306613,14.270227326213439,4.785826052601622,105.44904141043067,2.683333333333333,battery
34.31998629717047,20.11705385903658,4.570232909945898,101.9537787443528,4.7,battery
27.26202513294289,26.814060560224,2.6777919758292543,195.82230096321445,3.4166666666666665,hydrogen
15.761590669810346,24.65603089532501,4.121462012027527,85.86813034027605,1.3666666666666667,battery
19.68457792098571,20.844744109836967,2.905342933204395,138.685602626297,2.066666666666667,battery
36.47916686542193,21.806953809175457,2.9901594085844088,103.54851180731255,3.8,hydrogen
34.76771825730454,20.1672109383256,1.8187204362291358,203.10623019498638,2.3666666666666667,hydrogen
15.812879775104506,15.950969026376411,3.364521213034066,157.98567185850493,1.3666666666666667,battery
21.659164857988483,21.300439857180322,1.7445435910133917,112.39328909275872,2.2666666666666666,hydrogen
21.93224389764214,23.777706041001814,2.326258796268775,150.3398202032927,2.466666666666667,battery
35.15678230796185,27.466458317216155,4.420120806479741,182.4080903584362,4.85,battery
15.591316132630924,22.72582707958496,1.8283032368434209,214.13652124872073,1.3333333333333333,battery
18.123257459537214,25.22243074086316,1.2846331406937312,110.86244059435865,1.7166666666666666,hydrogen
38.99748256119568,13.201432699091459,1.2760303704512652,204.06544809810833,1.8833333333333333,hydrogen
20.35633986163001,19.231149488395797,4.763138082012432,210.80257598344863,2.183333333333333,battery
34.582383235556236,10.186632396541865,3.0276817518473385,208.29887623448928,4.75,battery
22.145483431401797,14.93357729043246,2.6376482872680733,168.95800996066737,2.5,battery
17.983241782780354,24.529234302260097,4.243514324031674,168.17489162085906,1.7666666666666666,battery
22.295165729983623,29.83619902698727,4.343303711642064,136.4494886457352,2.533333333333333,battery
36.66800795566978,11.983561991744319,2.3287641324624184,185.3357035225303,3.65,hydrogen
40.67089404318857,18.029886317225767,3.774472229895181,154.38116256913048,4.75,hydrogen
39.90659593700975,26.00141937398319,4.084491263407546,174.84132997196122,5.133333333333334,hydrogen
26.915505888553646,14.080712692577977,3.618602747463818,139.98410653883136,3.3666666666666667,battery
35.042554097119385,21.101698986045726,1.6063802992003975,182.40950496603946,2.1,hydrogen
21.14952886247463,24.661425920593494,4.503532334068228,195.42601246463687,2.3333333333333335,battery
23.794431907830397,22.31970900520358,3.156378210944035,100.50107592439426,2.8,battery
41.89007455563359,13.760494692308322,2.1298897054800148,196.61016018039192,2.966666666666667,hydrogen
15.39005770532208,17.107691373714786,2.7009127417507757,155.641514450643,1.3,battery
17.56525592563404,25.675835689707945,1.1502843615956295,198.25322727263142,1.55,hydrogen
21.23658765438082,21.084530282640333,1.5114672048896702,140.38223888774206,1.9833333333333334,hydrogen
15.795966116214592,10.104592270858255,4.062187002063443,133.0656679536249,1.3666666666666667,battery
20.44306305269392,25.219815200561875,1.0000465390214646,208.10850255241115,1.3666666666666667,hydrogen
32.49124682909077,10.706227098804781,2.6662633139291687,115.16369745677619,4.366666666666666,battery
27.64273651777494,24.914675654624645,3.0900407243423538,198.18972554006004,3.5,battery
41.780151332309245,14.049611203304748,1.2185376800038892,147.76288015131658,1.7166666666666666,hydrogen
39.523306852153226,29.161469602387605,4.892312651889331,151.97336195717637,6.166666666666667,battery
25.254520550936277,17.35881502604169,1.9045013249986877,123.18555940852777,2.466666666666667,hydrogen
22.782703002938774,16.538632326761583,2.2167948785451235,160.2259080866622,2.6166666666666667,battery
26.390772245018006,12.977761006648894,2.2157700490201093,125.52956747866958,3.2333333333333334,hydrogen
32.70884827544423,16.112084309804295,1.9216666484693996,85.49771799383133,2.4833333333333334,hydrogen
23.041909224686286,27.53301523656401,1.0058952883452457,118.07980474820985,1.3666666666666667,hydrogen
33.72446723547402,29.926686752544946,3.9173791763519854,80.8930660769227,4.6,battery
27.282349565737213,17.366190610136968,4.867381999197141,216.96967018795993,3.433333333333333,battery
31.561415425559407,18.97221261909085,1.8971739331401802,215.20460937476466,2.45,hydrogen
28.0837958740595,24.441418764054742,3.6521887672136897,135.3217416461227,3.5833333333333335,battery
23.83397278625753,27.72391560930149,3.9675853078348604,181.97191960755043,2.816666666666667,battery
43.4535992088647,21.860886683735682,4.393701516362099,128.4128537774595,5.533333333333333,hydrogen
37.908173824792826,17.830513963556587,2.6905167880544365,173.95304199203665,3.433333333333333,hydrogen
19.203395272993575,18.252436816972477,2.211723622561717,192.76020602643706,1.9833333333333334,battery
41.05403927693739,23.912362929936137,2.3011805360921245,212.5458742569137,2.95,hydrogen
29.62293594748541,10.064365272085574,3.8504853323940513,136.02971861895406,3.85,battery
41.836566806822745,22.391786749196815,4.267117866022544,189.6617176138467,5.35,hydrogen
38.995657678419455,17.109860208827147,1.7264558710264106,117.22998308849662,2.25,hydrogen
27.756405134077003,25.883946625541686,2.483764032631061,218.64652253111078,3.1666666666666665,hydrogen
15.674079249603523,11.859812796462643,4.6077607869966,83.60774382700916,1.35,battery
23.060320781548384,21.76404533896781,4.226774078778957,164.49403291015693,2.6666666666666665,battery
31.249026439826007,19.619457797722475,4.939433611049903,172.33083743118578,4.15,battery
34.00434659478442,22.846510518104548,4.016993038728323,176.32637799037803,4.65,battery
22.73663056299607,11.297071889659367,2.572780804111689,96.85426103047246,2.6166666666666667,battery
19.180682222184725,21.599675748562625,3.362551335978551,211.39416968623826,1.9666666666666666,battery
40.04790710397897,21.229691759190473,3.644057016989281,105.36565906701159,4.583333333333333,hydrogen
44.532065421106566,21.213201888323418,1.3138232652684958,167.18547645357773,1.75,hydrogen
30.770705469080575,22.069753331929096,3.1779878364154603,111.17465107723189,4.016666666666667,hydrogen
20.150378575449103,23.529358744527244,3.8372833138904383,123.01029838297792,2.15,battery
23.169219795581068,26.099779993615396,1.6692852160042415,156.50419584193742,2.183333333333333,hydrogen
15.551720296424001,15.396414402564286,4.122526869702229,138.40707859904072,1.3166666666666667,battery
42.428964196814974,26.500988203601242,3.3350911220564465,102.43158413671088,4.216666666666667,hydrogen
18.532532486704234,19.96511364526907,4.808887142790379,103.93109633891876,1.85,battery
32.29549426542761,11.541165582686624,1.1696891928275668,138.54027034279196,1.9333333333333333,hydrogen
23.22165662061618,11.171018584879583,2.061304550221868,186.0196169585701,2.7,battery
31.6253400754738,16.684766373921214,3.4062155171992963,205.7150505586904,4.216666666666667,battery
34.542611650555926,25.69793954222935,2.186239648823723,91.7778727163136,2.816666666666667,hydrogen
39.89225411121605,24.153618694818313,3.857696656284969,135.03454705831615,4.85,hydrogen
21.1926381528181,25.77229929344813,4.036021130087724,94.03437892120273,2.3333333333333335,battery
15.329874859754414,20.345381128832187,1.4100638562658978,82.32294728856371,1.2833333333333334,battery
19.106568902064218,18.80397995910981,3.055417856827071,172.64061557015393,1.9666666666666666,battery
42.00055925544315,12.949050534125679,3.0355622223642236,164.3429218753223,4.4,hydrogen
41.216702326875456,16.56385507218623,2.4771230808621643,102.82267593408406,3.1666666666666665,hydrogen
32.92239306510925,18.680387323477504,4.731699450278688,112.73379663302897,4.45,battery
33.0155058130096,11.772008593592345,4.310025279492885,83.31908551023257,4.466666666666667,battery
34.95110023638766,14.412239054224225,3.788837527638547,196.89260879721652,4.816666666666666,battery
20.261138358703487,21.964505881274775,3.85730654293999,216.4566834467972,2.1666666666666665,battery
42.4323583777488,24.713262284783795,2.8468645752524764,98.9643351512567,3.6166666666666667,hydrogen
27.563115746762193,29.966950227858995,4.683978084386304,112.40652992714173,3.4833333333333334,battery
26.494155847484926,28.662266626871155,3.7783817090131415,201.57733335257075,3.283333333333333,battery
30.567531158485124,22.85130399070383,3.9159242466232658,209.70493171386588,4.016666666666667,battery
16.408979003251652,18.42496106588144,4.446763615149381,138.74783359295344,1.4833333333333334,battery
19.98850106268238,22.723547294164653,2.096286357368764,87.08714611767037,2.1166666666666667,battery
37.141008492791116,25.71303236160464,4.228283615466812,85.51485671699471,5.2,battery
17.483960037753793,12.366723818467747,1.7809624118259682,160.35298124966147,1.6666666666666667,battery
33.09456328399165,18.198097793925765,2.3813678089795514,135.00531524504507,3.05,hydrogen
22.36047329043963,26.796045712712345,2.342441817079371,84.01133986087163,2.55,battery
26.678868421259295,17.67665903866088,4.914101873556563,161.65533492375795,3.316666666666667,battery
23.660812103120996,21.437445424543732,4.426148894991707,81.58235512246314,2.783333333333333,battery
25.670181493948476,21.755387217243964,3.804679446361039,190.23207414089822,3.15,battery
36.571377155527365,13.689525062672788,3.9082270464615605,122.90059517847203,5.1,battery
23.91365146869525,17.244708833045767,3.2482911776102843,85.63612042129249,2.8333333333333335,battery
31.992139208906917,16.690225774838645,4.788362668434076,162.36931093764144,4.283333333333333,battery
29.28151206597299,10.523934170641295,2.985035011529446,135.67581802062767,3.8,battery
34.91013496087945,10.483835277827104,2.522070839479578,216.33205787000094,4.466666666666667,hydrogen
43.10489217974274,26.63394087351547,1.652141347726364,156.1878127505183,2.1666666666666665,hydrogen
36.977162916307506,15.461416199456249,4.1448226090442315,118.53348534518116,5.183333333333334,battery
21.448211357722702,20.36157532477631,3.9377757283023658,179.32144104875647,2.3833333333333333,battery
15.93549405183854,15.974511471775461,2.5374201540965395,118.00888035597958,1.3833333333333333,battery
22.867921328994754,28.81358490230681,1.1007736558369174,206.59406079705911,1.4833333333333334,hydrogen
32.852337921007646,15.185935177315475,4.355989310872043,132.4610758710327,4.433333333333334,battery
16.54277440452751,18.593136254778702,1.0456719338162945,156.98159878866875,1.4166666666666667,hydrogen
29.890987416037092,27.454605009692038,3.814799118516204,87.08023453539204,3.9,battery
32.90528546750667,26.838671335836175,4.881028438904228,139.6569733133123,4.45,battery
25.027316724508825,13.722028356925547,2.750645312592814,196.53089555253928,3.033333333333333,battery
38.12736611237466,26.05286619591421,1.939893619983811,192.79083275086788,2.5166666666666666,hydrogen
18.197947594013154,19.163737734757852,3.819484040173527,111.40459823949368,1.8,battery
17.254133452074264,19.659377441707104,4.268512568062341,111.65106994147877,1.6333333333333333,battery
36.8456626861081,12.669599448318875,3.1857212643113892,194.42274370985314,4.716666666666667,hydrogen
29.864739486185954,11.612030275142493,4.868141101024585,210.25577882370558,3.9,battery
35.65207189283208,24.558786139475302,1.2066748866318444,93.3505289782205,1.6166666666666667,hydrogen
28.044820158112387,19.929223047105996,3.0191823932181125,143.00820951967154,3.566666666666667,battery
22.392060997173203,18.737014052303593,3.8738157892902003,127.24359905499205,2.55,battery
39.57306953022599,24.590164573047936,4.450561884596716,201.8963837640415,5.616666666666666,hydrogen
38.982476369069374,25.310257979822197,1.7170224476311602,91.69348805520264,2.2333333333333334,hydrogen
35.8408941256328,13.17816335338707,4.200013927054726,109.55763195812523,4.966666666666667,battery
23.16435411689888,22.204502989552825,3.210828302874181,185.34556726210923,2.683333333333333,battery
32.706920006072615,12.70708164555371,2.586214727959853,87.18113885737019,3.8333333333333335,hydrogen
25.829216908200806,25.027501720580915,1.5268601143163743,148.9549533000005,2.0,hydrogen
17.747462199799024,23.139103125342793,4.461183035635649,141.8949848551608,1.7166666666666666,battery
42.51940726386728,29.13229242166916,1.6290928327188614,126.81616505842482,2.1333333333333333,hydrogen
19.104558927568842,11.379160327128425,2.239151436836397,135.24012414464931,1.9666666666666666,battery
43.50712061462407,11.141094423025086,2.1601821278497475,154.1916821702326,3.6166666666666667,hydrogen
28.380173188738674,15.643741493864002,4.485656136763417,102.59143017437364,3.6333333333333333,battery
